1	1	1765893743.7803304	1.430e+05	7.383e+03	6.003e+03	8.252e+04	2.286e+03	7.340e+04	7.618e+03	48.78	99.72	14.74

500000.0	1	1765893744.780488	1.428e+05	7.376e+03	6.003e+03	8.238e+04	2.292e+03	7.387e+04	7.618e+03	48.79	99.76	14.83

500000.0	1	1765893745.778462	1.427e+05	7.362e+03	6.003e+03	8.238e+04	2.296e+03	7.447e+04	7.625e+03	48.80	99.72	14.81

#####################################################_CICLO_INICIADO_1_DE_5_#####################################################
#####################################################_CICLO_INICIADO_1_DE_5_#####################################################
############################################################_BOMBA_LIGADA_############################################################
############################################################_BOMBA_LIGADA_############################################################
1	500000.0	1765893751.7726264	6.230e+04	7.822e+03	5.980e+03	7.487e+04	1.349e+03	3.134e+04	7.208e+03	48.75	70.05	12.53

500000.0	500000.0	1765893752.770934	5.666e+04	1.036e+04	7.010e+03	7.128e+04	9.541e+02	1.700e+04	6.749e+03	48.80	70.05	11.85

500000.0	500000.0	1765893753.772278	5.720e+04	1.497e+04	8.848e+03	6.935e+04	7.850e+02	1.279e+04	6.462e+03	48.83	70.08	11.20

500000.0	500000.0	1765893754.7710798	5.902e+04	1.633e+04	9.770e+03	6.838e+04	7.114e+02	1.123e+04	6.328e+03	48.84	70.32	11.00

500000.0	500000.0	1765893755.7690003	6.097e+04	1.719e+04	1.036e+04	6.771e+04	6.695e+02	1.043e+04	6.257e+03	48.84	70.28	10.70

500000.0	500000.0	1765893756.7673762	6.264e+04	1.765e+04	1.069e+04	6.724e+04	6.490e+02	1.004e+04	6.225e+03	48.85	70.01	10.66

500000.0	500000.0	1765893757.7666256	6.431e+04	1.791e+04	1.088e+04	6.697e+04	6.362e+02	9.839e+03	6.210e+03	48.85	70.08	10.51

500000.0	500000.0	1765893758.7709546	6.534e+04	1.809e+04	1.096e+04	6.697e+04	6.286e+02	9.739e+03	6.202e+03	48.85	70.05	10.48

500000.0	500000.0	1765893759.763208	6.644e+04	1.825e+04	1.100e+04	6.706e+04	6.235e+02	9.691e+03	6.196e+03	48.85	70.36	10.41

500000.0	500000.0	1765893760.7750955	6.734e+04	1.836e+04	1.101e+04	6.724e+04	6.203e+02	9.681e+03	6.193e+03	48.85	70.36	10.49

500000.0	500000.0	1765893761.7626758	6.795e+04	1.845e+04	1.099e+04	6.762e+04	6.184e+02	9.688e+03	6.191e+03	48.84	69.93	10.42

500000.0	500000.0	1765893762.7625644	6.861e+04	1.854e+04	1.097e+04	6.762e+04	6.165e+02	9.693e+03	6.190e+03	48.84	70.01	10.33

500000.0	500000.0	1765893763.7541828	6.884e+04	1.864e+04	1.094e+04	6.809e+04	6.153e+02	9.711e+03	6.187e+03	48.83	70.36	10.52

500000.0	500000.0	1765893764.781161	6.928e+04	1.872e+04	1.091e+04	6.819e+04	6.140e+02	9.721e+03	6.182e+03	48.84	70.36	10.48

500000.0	500000.0	1765893765.7588353	6.968e+04	1.881e+04	1.090e+04	6.867e+04	6.127e+02	9.736e+03	6.185e+03	48.82	70.24	10.35

500000.0	500000.0	1765893766.768929	6.996e+04	1.889e+04	1.087e+04	6.896e+04	6.121e+02	9.754e+03	6.182e+03	48.82	70.20	10.47

500000.0	500000.0	1765893767.758519	7.033e+04	1.897e+04	1.085e+04	6.945e+04	6.115e+02	9.767e+03	6.182e+03	48.80	70.32	10.43

500000.0	500000.0	1765893768.7555883	7.062e+04	1.905e+04	1.084e+04	6.975e+04	6.108e+02	9.772e+03	6.181e+03	48.79	70.01	10.48

500000.0	500000.0	1765893769.755403	7.078e+04	1.913e+04	1.083e+04	7.015e+04	6.102e+02	9.777e+03	6.181e+03	48.78	70.08	10.42

500000.0	500000.0	1765893770.7534432	7.095e+04	1.920e+04	1.082e+04	7.055e+04	6.102e+02	9.785e+03	6.182e+03	48.79	70.08	10.39

##########################################################_BOMBA_DESLIGADA_###########################################################
##########################################################_BOMBA_DESLIGADA_###########################################################
1	1	1765893773.7514775	8.154e+04	1.959e+04	1.016e+04	7.784e+04	6.286e+02	1.053e+04	6.235e+03	48.97	99.72	12.38

500000.0	1	1765893774.7487466	8.542e+04	1.944e+04	9.802e+03	8.117e+04	6.401e+02	1.099e+04	6.274e+03	48.94	99.68	12.71

500000.0	1	1765893775.7479966	8.834e+04	1.926e+04	9.444e+03	8.378e+04	6.516e+02	1.147e+04	6.306e+03	48.94	99.76	12.89

500000.0	1	1765893776.7695515	9.048e+04	1.911e+04	9.096e+03	8.566e+04	6.612e+02	1.195e+04	6.336e+03	48.94	99.76	13.11

500000.0	1	1765893777.748587	9.205e+04	1.899e+04	8.756e+03	8.701e+04	6.714e+02	1.245e+04	6.363e+03	48.94	99.72	13.11

500000.0	1	1765893778.7737372	9.339e+04	1.889e+04	8.424e+03	8.778e+04	6.811e+02	1.294e+04	6.387e+03	48.94	99.64	13.29

500000.0	1	1765893779.7458994	9.414e+04	1.883e+04	8.102e+03	8.857e+04	6.914e+02	1.346e+04	6.409e+03	48.94	99.68	13.27

500000.0	1	1765893780.7775228	9.470e+04	1.878e+04	7.811e+03	8.952e+04	7.004e+02	1.393e+04	6.430e+03	48.93	99.72	13.19

500000.0	1	1765893781.7423303	9.519e+04	1.873e+04	7.535e+03	8.952e+04	7.088e+02	1.442e+04	6.449e+03	48.94	99.68	13.25

500000.0	1	1765893782.777705	9.561e+04	1.868e+04	7.278e+03	9.001e+04	7.172e+02	1.488e+04	6.465e+03	48.95	99.72	13.32

500000.0	1	1765893783.7412546	9.597e+04	1.865e+04	7.034e+03	9.001e+04	7.250e+02	1.535e+04	6.482e+03	48.94	99.76	13.34

500000.0	1	1765893784.7706578	9.633e+04	1.861e+04	6.815e+03	8.984e+04	7.328e+02	1.581e+04	6.495e+03	48.94	99.68	13.49

500000.0	1	1765893785.7404091	9.676e+04	1.857e+04	6.597e+03	9.017e+04	7.399e+02	1.626e+04	6.511e+03	48.94	99.72	13.32

500000.0	1	1765893786.77219	9.683e+04	1.851e+04	6.410e+03	9.033e+04	7.478e+02	1.669e+04	6.526e+03	48.94	99.76	13.34

500000.0	1	1765893787.738548	9.734e+04	1.847e+04	6.235e+03	9.017e+04	7.543e+02	1.712e+04	6.539e+03	48.94	99.72	13.37

500000.0	1	1765893788.7618074	9.764e+04	1.842e+04	6.072e+03	9.001e+04	7.621e+02	1.750e+04	6.550e+03	48.95	99.64	13.50

500000.0	1	1765893789.7346148	9.793e+04	1.836e+04	5.928e+03	9.001e+04	7.687e+02	1.790e+04	6.565e+03	48.96	99.60	13.52

500000.0	1	1765893790.76992	9.801e+04	1.832e+04	5.795e+03	8.968e+04	7.759e+02	1.829e+04	6.579e+03	48.94	99.76	13.56

500000.0	1	1765893791.733986	9.876e+04	1.826e+04	5.680e+03	8.968e+04	7.831e+02	1.865e+04	6.591e+03	48.96	99.64	13.59

############################################################_BOMBA_LIGADA_############################################################
############################################################_BOMBA_LIGADA_############################################################
1	500000.0	1765893797.7286355	9.305e+04	1.743e+04	5.731e+03	8.037e+04	8.385e+02	1.907e+04	6.654e+03	48.58	56.26	11.70

500000.0	500000.0	1765893798.7764797	9.484e+04	1.711e+04	5.899e+03	7.298e+04	8.725e+02	1.867e+04	6.656e+03	48.40	55.95	10.51

500000.0	500000.0	1765893799.7265098	9.838e+04	1.678e+04	5.795e+03	6.896e+04	9.216e+02	1.912e+04	6.679e+03	48.26	55.87	9.92

500000.0	500000.0	1765893800.7624686	1.023e+05	1.648e+04	3.510e+03	6.660e+04	9.793e+02	2.027e+04	6.712e+03	48.10	55.80	9.68

500000.0	500000.0	1765893801.7244203	1.052e+05	1.621e+04	3.221e+03	6.508e+04	1.034e+03	2.186e+04	6.752e+03	47.96	55.87	9.50

500000.0	500000.0	1765893802.7746367	1.073e+05	1.599e+04	3.156e+03	6.371e+04	1.080e+03	2.354e+04	6.785e+03	47.87	55.83	9.50

500000.0	500000.0	1765893803.722208	1.091e+05	1.579e+04	3.134e+03	6.304e+04	1.128e+03	2.535e+04	6.817e+03	47.76	55.91	9.30

500000.0	500000.0	1765893804.7623878	1.112e+05	1.561e+04	3.134e+03	6.255e+04	1.177e+03	2.725e+04	6.846e+03	47.65	55.91	9.30

500000.0	500000.0	1765893805.720191	1.127e+05	1.548e+04	3.134e+03	6.223e+04	1.216e+03	2.917e+04	6.868e+03	47.56	55.76	9.22

500000.0	500000.0	1765893806.773671	1.138e+05	1.537e+04	3.134e+03	6.199e+04	1.256e+03	3.089e+04	6.891e+03	47.47	55.83	9.08

500000.0	500000.0	1765893807.7191443	1.147e+05	1.528e+04	3.291e+03	6.183e+04	1.285e+03	3.234e+04	6.908e+03	47.38	55.95	9.01

500000.0	500000.0	1765893808.7822356	1.147e+05	1.523e+04	4.422e+03	6.191e+04	1.305e+03	3.332e+04	6.922e+03	47.30	55.80	9.04

500000.0	500000.0	1765893809.7164257	1.150e+05	1.517e+04	4.922e+03	6.175e+04	1.323e+03	3.394e+04	6.936e+03	47.26	55.76	8.96

500000.0	500000.0	1765893810.7785387	1.156e+05	1.509e+04	5.766e+03	6.168e+04	1.352e+03	3.467e+04	6.944e+03	47.20	55.87	9.02

500000.0	500000.0	1765893811.7151055	1.165e+05	1.500e+04	5.783e+03	6.168e+04	1.388e+03	3.564e+04	6.958e+03	47.15	55.95	9.08

500000.0	500000.0	1765893812.7664912	1.173e+05	1.494e+04	5.795e+03	6.175e+04	1.420e+03	3.664e+04	6.968e+03	47.10	55.95	8.83

500000.0	500000.0	1765893813.7123106	1.182e+05	1.491e+04	5.818e+03	6.199e+04	1.438e+03	3.747e+04	6.978e+03	47.05	55.80	8.88

500000.0	500000.0	1765893814.7778964	1.182e+05	1.489e+04	5.835e+03	6.191e+04	1.446e+03	3.791e+04	6.989e+03	47.00	55.83	8.80

500000.0	500000.0	1765893815.710742	1.177e+05	1.487e+04	5.852e+03	6.215e+04	1.450e+03	3.785e+04	6.994e+03	46.97	55.80	8.81

500000.0	500000.0	1765893816.7447505	1.179e+05	1.482e+04	5.864e+03	6.231e+04	1.467e+03	3.781e+04	6.999e+03	46.93	55.76	8.92

##########################################################_BOMBA_DESLIGADA_###########################################################
#####################################################_CICLO_FINALIZADO_1_DE_5_#####################################################
##########################################################_BOMBA_DESLIGADA_###########################################################
#####################################################_CICLO_FINALIZADO_1_DE_5_#####################################################
1	1	1765893829.696387	1.329e+05	1.110e+04	5.980e+03	9.001e+04	1.762e+03	4.875e+04	7.205e+03	48.00	99.64	13.46

500000.0	1	1765893830.7670784	1.332e+05	1.099e+04	5.980e+03	9.001e+04	1.776e+03	4.935e+04	7.219e+03	48.05	99.79	13.38

500000.0	1	1765893831.6942718	1.333e+05	1.090e+04	5.980e+03	9.017e+04	1.790e+03	5.000e+04	7.228e+03	48.10	99.72	13.62

#####################################################_CICLO_INICIADO_2_DE_5_#####################################################
#####################################################_CICLO_INICIADO_2_DE_5_#####################################################
############################################################_BOMBA_LIGADA_############################################################
############################################################_BOMBA_LIGADA_############################################################
1	500000.0	1765893837.683157	5.926e+04	1.102e+04	5.789e+03	8.656e+04	1.241e+03	3.237e+04	6.958e+03	48.24	70.08	12.31

500000.0	500000.0	1765893838.750115	4.267e+04	1.726e+04	7.631e+03	8.130e+04	7.204e+02	1.295e+04	6.185e+03	48.31	69.89	11.45

500000.0	500000.0	1765893839.6864984	4.109e+04	2.115e+04	1.030e+04	7.846e+04	5.310e+02	8.637e+03	5.699e+03	48.37	70.05	10.86

500000.0	500000.0	1765893840.6864727	4.279e+04	2.344e+04	1.188e+04	7.639e+04	4.512e+02	7.145e+03	5.505e+03	48.44	70.24	10.83

500000.0	500000.0	1765893841.6894674	4.516e+04	2.439e+04	1.282e+04	7.510e+04	4.176e+02	6.575e+03	5.464e+03	48.46	69.85	10.59

500000.0	500000.0	1765893842.7461271	4.798e+04	2.465e+04	1.340e+04	7.419e+04	4.066e+02	6.333e+03	5.478e+03	48.52	69.93	10.59

500000.0	500000.0	1765893843.6825075	5.065e+04	2.460e+04	1.367e+04	7.419e+04	4.060e+02	6.292e+03	5.517e+03	48.53	70.12	10.47

500000.0	500000.0	1765893844.6844947	5.312e+04	2.438e+04	1.375e+04	7.375e+04	4.097e+02	6.364e+03	5.566e+03	48.56	69.85	10.45

500000.0	500000.0	1765893845.680094	5.536e+04	2.409e+04	1.368e+04	7.386e+04	4.164e+02	6.503e+03	5.614e+03	48.57	69.97	10.33

500000.0	500000.0	1765893846.7481346	5.734e+04	2.376e+04	1.353e+04	7.375e+04	4.249e+02	6.684e+03	5.660e+03	48.60	70.20	10.40

500000.0	500000.0	1765893847.6777241	5.908e+04	2.350e+04	1.335e+04	7.386e+04	4.328e+02	6.860e+03	5.703e+03	48.61	69.97	10.32

500000.0	500000.0	1765893848.6855705	6.059e+04	2.325e+04	1.314e+04	7.397e+04	4.420e+02	7.059e+03	5.742e+03	48.63	69.89	10.38

500000.0	500000.0	1765893849.6764698	6.184e+04	2.304e+04	1.294e+04	7.430e+04	4.493e+02	7.255e+03	5.777e+03	48.64	70.08	10.41

500000.0	500000.0	1765893850.6851623	6.321e+04	2.285e+04	1.273e+04	7.453e+04	4.592e+02	7.448e+03	5.809e+03	48.64	70.12	10.39

500000.0	500000.0	1765893851.6740885	6.424e+04	2.268e+04	1.254e+04	7.453e+04	4.672e+02	7.626e+03	5.837e+03	48.66	70.20	10.54

500000.0	500000.0	1765893852.686081	6.552e+04	2.251e+04	1.236e+04	7.522e+04	4.764e+02	7.802e+03	5.868e+03	48.64	70.08	10.54

500000.0	500000.0	1765893853.6725543	6.622e+04	2.239e+04	1.220e+04	7.510e+04	4.832e+02	7.966e+03	5.891e+03	48.66	70.08	10.55

500000.0	500000.0	1765893854.6815376	6.700e+04	2.226e+04	1.203e+04	7.556e+04	4.906e+02	8.129e+03	5.913e+03	48.66	69.93	10.39

500000.0	500000.0	1765893855.6706424	6.787e+04	2.216e+04	1.190e+04	7.591e+04	4.974e+02	8.263e+03	5.933e+03	48.67	69.89	10.47

500000.0	500000.0	1765893856.6797755	6.841e+04	2.205e+04	1.178e+04	7.627e+04	5.048e+02	8.402e+03	5.952e+03	48.66	70.05	10.49

##########################################################_BOMBA_DESLIGADA_###########################################################
##########################################################_BOMBA_DESLIGADA_###########################################################
1	1	1765893859.6663513	7.747e+04	2.216e+04	1.099e+04	8.294e+04	5.341e+02	9.167e+03	6.027e+03	48.87	99.72	12.35

500000.0	1	1765893860.685119	8.159e+04	2.190e+04	1.061e+04	8.671e+04	5.491e+02	9.606e+03	6.075e+03	48.85	99.64	12.95

500000.0	1	1765893861.664547	8.462e+04	2.164e+04	1.025e+04	8.968e+04	5.610e+02	1.003e+04	6.116e+03	48.85	99.76	13.22

500000.0	1	1765893862.6858716	8.689e+04	2.139e+04	9.865e+03	9.133e+04	5.736e+02	1.049e+04	6.153e+03	48.86	99.68	13.36

500000.0	1	1765893863.6624591	8.859e+04	2.121e+04	9.513e+03	9.269e+04	5.836e+02	1.093e+04	6.185e+03	48.86	99.68	13.29

500000.0	1	1765893864.6885262	8.978e+04	2.103e+04	9.164e+03	9.391e+04	5.944e+02	1.140e+04	6.216e+03	48.87	99.64	13.41

500000.0	1	1765893865.6602347	9.093e+04	2.091e+04	8.848e+03	9.498e+04	6.045e+02	1.182e+04	6.244e+03	48.85	99.72	13.34

500000.0	1	1765893866.688898	9.172e+04	2.079e+04	8.522e+03	9.571e+04	6.153e+02	1.229e+04	6.269e+03	48.87	99.68	13.37

500000.0	1	1765893867.6584446	9.245e+04	2.071e+04	8.260e+03	9.608e+04	6.241e+02	1.268e+04	6.286e+03	48.87	99.68	13.48

500000.0	1	1765893868.6882744	9.285e+04	2.061e+04	7.956e+03	9.645e+04	6.331e+02	1.316e+04	6.313e+03	48.85	99.76	13.54

500000.0	1	1765893869.6565304	9.353e+04	2.054e+04	7.721e+03	9.663e+04	6.413e+02	1.354e+04	6.330e+03	48.85	99.79	13.45

500000.0	1	1765893870.6882975	9.380e+04	2.046e+04	7.481e+03	9.645e+04	6.496e+02	1.395e+04	6.346e+03	48.90	99.72	13.48

500000.0	1	1765893871.6541092	9.414e+04	2.039e+04	7.272e+03	9.663e+04	6.580e+02	1.437e+04	6.366e+03	48.87	99.72	13.57

500000.0	1	1765893872.684725	9.435e+04	2.031e+04	7.058e+03	9.626e+04	6.650e+02	1.475e+04	6.384e+03	48.90	99.72	13.42

500000.0	1	1765893873.6525872	9.484e+04	2.023e+04	6.892e+03	9.608e+04	6.721e+02	1.508e+04	6.395e+03	48.93	99.76	13.66

500000.0	1	1765893874.686238	9.505e+04	2.014e+04	6.703e+03	9.608e+04	6.798e+02	1.548e+04	6.412e+03	48.94	99.68	13.65

500000.0	1	1765893875.6507308	9.526e+04	2.009e+04	6.556e+03	9.552e+04	6.856e+02	1.580e+04	6.425e+03	48.95	99.76	13.76

500000.0	1	1765893876.6852832	9.568e+04	1.999e+04	6.410e+03	9.516e+04	6.926e+02	1.616e+04	6.439e+03	48.94	99.68	13.54

500000.0	1	1765893877.647859	9.597e+04	1.991e+04	6.282e+03	9.534e+04	6.997e+02	1.649e+04	6.457e+03	48.91	99.72	13.67

500000.0	1	1765893878.6867428	9.633e+04	1.984e+04	6.142e+03	9.516e+04	7.075e+02	1.681e+04	6.468e+03	48.96	99.72	13.84

############################################################_BOMBA_LIGADA_############################################################
############################################################_BOMBA_LIGADA_############################################################
1	500000.0	1765893883.639968	9.165e+04	1.900e+04	6.194e+03	8.888e+04	7.491e+02	1.720e+04	6.542e+03	48.60	56.89	12.16

500000.0	500000.0	1765893884.686319	9.285e+04	1.861e+04	6.492e+03	7.896e+04	7.778e+02	1.664e+04	6.542e+03	48.39	55.91	10.89

500000.0	500000.0	1765893885.6409974	9.583e+04	1.830e+04	6.445e+03	7.419e+04	8.147e+02	1.689e+04	6.563e+03	48.26	55.87	10.27

500000.0	500000.0	1765893886.6854782	9.921e+04	1.796e+04	6.159e+03	7.107e+04	8.605e+02	1.768e+04	6.602e+03	48.13	55.95	9.78

500000.0	500000.0	1765893887.637029	1.021e+05	1.769e+04	5.829e+03	6.935e+04	9.027e+02	1.868e+04	6.638e+03	48.01	55.80	9.59

500000.0	500000.0	1765893888.6867104	1.047e+05	1.742e+04	3.559e+03	6.781e+04	9.473e+02	2.008e+04	6.677e+03	47.91	55.91	9.49

500000.0	500000.0	1765893889.6362908	1.072e+05	1.717e+04	3.232e+03	6.697e+04	9.943e+02	2.160e+04	6.714e+03	47.80	55.83	9.35

500000.0	500000.0	1765893890.6756513	1.096e+05	1.693e+04	3.166e+03	6.651e+04	1.045e+03	2.337e+04	6.749e+03	47.65	55.95	9.17

500000.0	500000.0	1765893891.6346424	1.110e+05	1.675e+04	3.134e+03	6.579e+04	1.086e+03	2.497e+04	6.775e+03	47.62	55.72	9.19

500000.0	500000.0	1765893892.683837	1.126e+05	1.657e+04	3.134e+03	6.570e+04	1.128e+03	2.667e+04	6.805e+03	47.49	55.76	9.16

500000.0	500000.0	1765893893.6325486	1.142e+05	1.643e+04	3.134e+03	6.561e+04	1.164e+03	2.804e+04	6.829e+03	47.43	55.83	9.10

500000.0	500000.0	1765893894.6837702	1.146e+05	1.635e+04	3.134e+03	6.561e+04	1.191e+03	2.938e+04	6.847e+03	47.35	55.76	9.03

500000.0	500000.0	1765893895.630451	1.144e+05	1.628e+04	3.134e+03	6.526e+04	1.203e+03	3.020e+04	6.859e+03	47.30	55.91	9.10

500000.0	500000.0	1765893896.689058	1.150e+05	1.619e+04	3.134e+03	6.526e+04	1.227e+03	3.089e+04	6.876e+03	47.21	55.99	8.96

500000.0	500000.0	1765893897.6193678	1.153e+05	1.612e+04	3.134e+03	6.526e+04	1.249e+03	3.144e+04	6.885e+03	47.16	55.72	9.00

500000.0	500000.0	1765893898.6785288	1.155e+05	1.608e+04	3.134e+03	6.508e+04	1.264e+03	3.203e+04	6.895e+03	47.11	55.91	9.05

500000.0	500000.0	1765893899.6241019	1.155e+05	1.605e+04	3.134e+03	6.517e+04	1.271e+03	3.237e+04	6.903e+03	47.09	55.76	9.09

500000.0	500000.0	1765893900.6941433	1.147e+05	1.605e+04	3.291e+03	6.499e+04	1.276e+03	3.234e+04	6.910e+03	47.05	55.80	9.16

500000.0	500000.0	1765893901.6247618	1.144e+05	1.602e+04	3.773e+03	6.526e+04	1.280e+03	3.214e+04	6.915e+03	47.00	55.87	9.01

500000.0	500000.0	1765893902.6935823	1.143e+05	1.599e+04	4.254e+03	6.543e+04	1.286e+03	3.197e+04	6.917e+03	46.97	55.83	8.98

##########################################################_BOMBA_DESLIGADA_###########################################################
#####################################################_CICLO_FINALIZADO_2_DE_5_#####################################################
##########################################################_BOMBA_DESLIGADA_###########################################################
#####################################################_CICLO_FINALIZADO_2_DE_5_#####################################################
1	1	1765893916.6876261	1.299e+05	1.472e+04	5.968e+03	9.426e+04	1.638e+03	4.500e+04	7.141e+03	48.00	99.72	13.45

500000.0	1	1765893917.6077113	1.301e+05	1.462e+04	5.974e+03	9.444e+04	1.652e+03	4.571e+04	7.148e+03	48.10	99.60	13.64

500000.0	1	1765893918.6879911	1.302e+05	1.450e+04	5.980e+03	9.426e+04	1.665e+03	4.650e+04	7.166e+03	48.09	99.72	13.87

#####################################################_CICLO_INICIADO_3_DE_5_#####################################################
#####################################################_CICLO_INICIADO_3_DE_5_#####################################################
############################################################_BOMBA_LIGADA_############################################################
############################################################_BOMBA_LIGADA_############################################################
1	500000.0	1765893924.6017644	4.985e+04	1.564e+04	3.592e+03	8.809e+04	9.236e+02	1.990e+04	6.599e+03	48.28	69.97	11.86

500000.0	500000.0	1765893925.5986004	4.166e+04	1.966e+04	8.904e+03	8.350e+04	6.070e+02	1.045e+04	5.912e+03	48.35	69.97	11.25

500000.0	500000.0	1765893926.599275	4.146e+04	2.292e+04	1.100e+04	8.077e+04	4.801e+02	7.795e+03	5.562e+03	48.41	70.05	10.81

500000.0	500000.0	1765893927.5892634	4.339e+04	2.454e+04	1.222e+04	7.896e+04	4.267e+02	6.820e+03	5.446e+03	48.46	69.85	10.89

500000.0	500000.0	1765893928.5985048	4.606e+04	2.521e+04	1.304e+04	7.808e+04	4.048e+02	6.385e+03	5.431e+03	48.49	70.08	10.76

500000.0	500000.0	1765893929.5969722	4.856e+04	2.529e+04	1.346e+04	7.722e+04	3.981e+02	6.250e+03	5.456e+03	48.54	69.81	10.69

500000.0	500000.0	1765893930.5958495	5.112e+04	2.516e+04	1.367e+04	7.674e+04	3.987e+02	6.253e+03	5.498e+03	48.57	70.01	10.68

500000.0	500000.0	1765893931.589319	5.337e+04	2.492e+04	1.370e+04	7.662e+04	4.042e+02	6.336e+03	5.542e+03	48.62	69.77	10.48

500000.0	500000.0	1765893932.5918825	5.547e+04	2.464e+04	1.363e+04	7.639e+04	4.109e+02	6.481e+03	5.592e+03	48.65	70.12	10.67

500000.0	500000.0	1765893933.5834165	5.743e+04	2.435e+04	1.349e+04	7.674e+04	4.212e+02	6.648e+03	5.639e+03	48.62	69.85	10.50

500000.0	500000.0	1765893934.5906186	5.902e+04	2.409e+04	1.330e+04	7.639e+04	4.279e+02	6.837e+03	5.679e+03	48.69	70.08	10.63

500000.0	500000.0	1765893935.5813305	6.056e+04	2.382e+04	1.309e+04	7.662e+04	4.377e+02	7.038e+03	5.722e+03	48.66	69.93	10.60

500000.0	500000.0	1765893936.589601	6.194e+04	2.357e+04	1.287e+04	7.686e+04	4.469e+02	7.237e+03	5.755e+03	48.71	70.01	10.64

500000.0	500000.0	1765893937.5870576	6.314e+04	2.338e+04	1.267e+04	7.710e+04	4.549e+02	7.433e+03	5.790e+03	48.68	69.77	10.60

500000.0	500000.0	1765893938.5858061	6.407e+04	2.319e+04	1.246e+04	7.722e+04	4.629e+02	7.626e+03	5.818e+03	48.71	69.77	10.60

500000.0	500000.0	1765893939.5843558	6.491e+04	2.305e+04	1.228e+04	7.722e+04	4.702e+02	7.777e+03	5.838e+03	48.75	69.81	10.65

500000.0	500000.0	1765893940.5838294	6.570e+04	2.293e+04	1.215e+04	7.784e+04	4.782e+02	7.924e+03	5.865e+03	48.70	69.81	10.55

500000.0	500000.0	1765893941.5764706	6.633e+04	2.282e+04	1.201e+04	7.771e+04	4.850e+02	8.060e+03	5.885e+03	48.75	69.81	10.67

500000.0	500000.0	1765893942.5817556	6.707e+04	2.271e+04	1.188e+04	7.858e+04	4.918e+02	8.201e+03	5.907e+03	48.70	69.97	10.61

500000.0	500000.0	1765893943.574112	6.741e+04	2.264e+04	1.178e+04	7.858e+04	4.968e+02	8.311e+03	5.922e+03	48.70	70.05	10.51

##########################################################_BOMBA_DESLIGADA_###########################################################
##########################################################_BOMBA_DESLIGADA_###########################################################
1	1	1765893945.579001	7.308e+04	2.293e+04	1.127e+04	8.197e+04	5.129e+02	8.732e+03	5.951e+03	48.95	99.68	11.99

500000.0	1	1765893946.5781975	7.776e+04	2.269e+04	1.088e+04	8.701e+04	5.297e+02	9.181e+03	6.004e+03	48.94	99.68	12.72

500000.0	1	1765893947.5783129	8.122e+04	2.244e+04	1.052e+04	8.968e+04	5.410e+02	9.593e+03	6.048e+03	48.93	99.72	13.27

500000.0	1	1765893948.5763047	8.416e+04	2.218e+04	1.014e+04	9.286e+04	5.541e+02	1.005e+04	6.094e+03	48.91	99.68	13.32

500000.0	1	1765893949.5818715	8.630e+04	2.198e+04	9.796e+03	9.462e+04	5.648e+02	1.045e+04	6.122e+03	48.94	99.64	13.56

500000.0	1	1765893950.573538	8.810e+04	2.179e+04	9.438e+03	9.626e+04	5.773e+02	1.088e+04	6.159e+03	48.91	99.72	13.52

500000.0	1	1765893951.5813851	8.884e+04	2.164e+04	9.114e+03	9.663e+04	5.855e+02	1.132e+04	6.185e+03	48.94	99.72	13.66

500000.0	1	1765893952.5722332	8.991e+04	2.151e+04	8.786e+03	9.738e+04	5.956e+02	1.176e+04	6.213e+03	48.93	99.68	13.59

500000.0	1	1765893953.5717807	9.061e+04	2.141e+04	8.479e+03	9.834e+04	6.057e+02	1.219e+04	6.235e+03	48.93	99.72	13.66

500000.0	1	1765893954.5701253	9.132e+04	2.132e+04	8.193e+03	9.834e+04	6.134e+02	1.261e+04	6.255e+03	48.95	99.68	13.63

500000.0	1	1765893955.5755386	9.178e+04	2.123e+04	7.932e+03	9.912e+04	6.229e+02	1.302e+04	6.277e+03	48.94	99.68	13.64

500000.0	1	1765893956.5662024	9.211e+04	2.115e+04	7.679e+03	9.912e+04	6.305e+02	1.344e+04	6.295e+03	48.95	99.68	13.63

500000.0	1	1765893957.5775158	9.245e+04	2.106e+04	7.457e+03	9.873e+04	6.382e+02	1.381e+04	6.313e+03	48.95	99.68	13.68

500000.0	1	1765893958.5660272	9.298e+04	2.098e+04	7.242e+03	9.892e+04	6.458e+02	1.420e+04	6.330e+03	48.95	99.72	13.61

500000.0	1	1765893959.5678122	9.298e+04	2.091e+04	7.058e+03	9.873e+04	6.528e+02	1.455e+04	6.344e+03	48.97	99.68	13.77

500000.0	1	1765893960.56551	9.346e+04	2.083e+04	6.851e+03	9.912e+04	6.605e+02	1.494e+04	6.363e+03	48.96	99.68	13.80

500000.0	1	1765893961.5708978	9.400e+04	2.074e+04	6.703e+03	9.853e+04	6.663e+02	1.525e+04	6.374e+03	48.96	99.76	13.71

500000.0	1	1765893962.5643482	9.428e+04	2.066e+04	6.551e+03	9.834e+04	6.740e+02	1.559e+04	6.390e+03	48.97	99.76	13.70

500000.0	1	1765893963.578798	9.470e+04	2.058e+04	6.404e+03	9.834e+04	6.804e+02	1.593e+04	6.406e+03	48.98	99.72	13.87

500000.0	1	1765893964.5610127	9.498e+04	2.050e+04	6.276e+03	9.796e+04	6.875e+02	1.625e+04	6.418e+03	48.99	99.68	13.84

############################################################_BOMBA_LIGADA_############################################################
############################################################_BOMBA_LIGADA_############################################################
1	500000.0	1765893970.5556965	9.035e+04	1.952e+04	6.264e+03	8.968e+04	7.360e+02	1.682e+04	6.505e+03	48.66	56.85	12.06

500000.0	500000.0	1765893971.5488079	9.205e+04	1.912e+04	6.515e+03	8.064e+04	7.680e+02	1.639e+04	6.506e+03	48.48	55.87	10.90

500000.0	500000.0	1765893972.5519671	9.583e+04	1.869e+04	6.410e+03	7.545e+04	8.167e+02	1.676e+04	6.537e+03	48.31	55.83	10.12

500000.0	500000.0	1765893973.5790062	1.002e+05	1.830e+04	6.038e+03	7.265e+04	8.725e+02	1.777e+04	6.578e+03	48.18	55.87	9.72

500000.0	500000.0	1765893974.550058	1.042e+05	1.795e+04	5.559e+03	7.086e+04	9.310e+02	1.928e+04	6.625e+03	48.02	55.83	9.58

500000.0	500000.0	1765893975.578313	1.069e+05	1.766e+04	3.340e+03	6.945e+04	9.861e+02	2.107e+04	6.669e+03	47.91	55.91	9.45

500000.0	500000.0	1765893976.5482492	1.099e+05	1.742e+04	3.177e+03	6.867e+04	1.036e+03	2.299e+04	6.709e+03	47.78	55.87	9.33

500000.0	500000.0	1765893977.5631757	1.109e+05	1.726e+04	3.134e+03	6.771e+04	1.070e+03	2.476e+04	6.737e+03	47.68	55.91	9.26

500000.0	500000.0	1765893978.5459425	1.122e+05	1.711e+04	3.134e+03	6.752e+04	1.104e+03	2.627e+04	6.764e+03	47.59	55.76	9.37

500000.0	500000.0	1765893979.5506444	1.126e+05	1.700e+04	3.134e+03	6.706e+04	1.131e+03	2.743e+04	6.787e+03	47.50	55.91	9.15

500000.0	500000.0	1765893980.5385556	1.126e+05	1.692e+04	3.134e+03	6.697e+04	1.151e+03	2.833e+04	6.802e+03	47.43	55.99	9.14

500000.0	500000.0	1765893981.5767097	1.131e+05	1.683e+04	3.134e+03	6.669e+04	1.174e+03	2.891e+04	6.815e+03	47.38	55.80	9.24

500000.0	500000.0	1765893982.5415533	1.131e+05	1.677e+04	3.134e+03	6.660e+04	1.191e+03	2.940e+04	6.827e+03	47.32	55.76	9.19

500000.0	500000.0	1765893983.5753703	1.137e+05	1.670e+04	3.134e+03	6.642e+04	1.212e+03	2.996e+04	6.839e+03	47.26	55.83	9.24

500000.0	500000.0	1765893984.540311	1.140e+05	1.662e+04	3.134e+03	6.633e+04	1.233e+03	3.060e+04	6.854e+03	47.18	55.76	9.14

500000.0	500000.0	1765893985.5738068	1.141e+05	1.654e+04	3.134e+03	6.651e+04	1.255e+03	3.114e+04	6.868e+03	47.13	55.91	9.02

500000.0	500000.0	1765893986.5379975	1.150e+05	1.648e+04	3.134e+03	6.669e+04	1.273e+03	3.156e+04	6.878e+03	47.05	55.80	9.17

500000.0	500000.0	1765893987.5412052	1.145e+05	1.645e+04	3.134e+03	6.678e+04	1.278e+03	3.165e+04	6.883e+03	47.02	55.87	8.98

500000.0	500000.0	1765893988.5374117	1.142e+05	1.642e+04	3.134e+03	6.651e+04	1.287e+03	3.157e+04	6.890e+03	47.01	55.91	9.02

500000.0	500000.0	1765893989.5796978	1.142e+05	1.638e+04	3.134e+03	6.651e+04	1.299e+03	3.179e+04	6.896e+03	46.99	55.80	8.90

##########################################################_BOMBA_DESLIGADA_###########################################################
#####################################################_CICLO_FINALIZADO_3_DE_5_#####################################################
##########################################################_BOMBA_DESLIGADA_###########################################################
#####################################################_CICLO_FINALIZADO_3_DE_5_#####################################################
1	1	1765894002.5238402	1.275e+05	1.540e+04	5.956e+03	9.663e+04	1.571e+03	4.314e+04	7.101e+03	48.05	99.72	13.88

500000.0	1	1765894003.5768962	1.286e+05	1.524e+04	5.956e+03	9.738e+04	1.590e+03	4.412e+04	7.120e+03	48.10	99.68	13.66

500000.0	1	1765894004.521507	1.291e+05	1.507e+04	5.968e+03	9.834e+04	1.610e+03	4.508e+04	7.138e+03	48.15	99.72	13.67

#####################################################_CICLO_INICIADO_4_DE_5_#####################################################
#####################################################_CICLO_INICIADO_4_DE_5_#####################################################
############################################################_BOMBA_LIGADA_############################################################
############################################################_BOMBA_LIGADA_############################################################
1	500000.0	1765894010.5157604	6.024e+04	1.477e+04	3.134e+03	9.373e+04	1.141e+03	3.063e+04	6.905e+03	48.31	70.12	12.24

500000.0	500000.0	1765894011.5788507	4.422e+04	1.806e+04	7.697e+03	8.778e+04	6.907e+02	1.278e+04	6.165e+03	48.39	70.12	11.53

500000.0	500000.0	1765894012.5131547	4.210e+04	2.177e+04	1.030e+04	8.435e+04	5.185e+02	8.630e+03	5.699e+03	48.43	70.01	11.13

500000.0	500000.0	1765894013.5305834	4.350e+04	2.395e+04	1.186e+04	8.211e+04	4.463e+02	7.182e+03	5.516e+03	48.48	69.93	10.91

500000.0	500000.0	1765894014.5117028	4.598e+04	2.493e+04	1.281e+04	8.064e+04	4.145e+02	6.580e+03	5.467e+03	48.53	69.85	10.70

500000.0	500000.0	1765894015.577885	4.859e+04	2.521e+04	1.337e+04	7.985e+04	4.036e+02	6.344e+03	5.481e+03	48.56	69.81	10.66

500000.0	500000.0	1765894016.5102038	5.107e+04	2.514e+04	1.365e+04	7.921e+04	4.024e+02	6.298e+03	5.516e+03	48.58	69.85	10.69

500000.0	500000.0	1765894017.5666158	5.350e+04	2.494e+04	1.374e+04	7.858e+04	4.066e+02	6.361e+03	5.562e+03	48.61	70.01	10.58

500000.0	500000.0	1765894018.5078835	5.566e+04	2.466e+04	1.369e+04	7.846e+04	4.139e+02	6.485e+03	5.607e+03	48.64	70.08	10.63

500000.0	500000.0	1765894019.573821	5.751e+04	2.439e+04	1.355e+04	7.821e+04	4.218e+02	6.648e+03	5.653e+03	48.65	69.89	10.63

500000.0	500000.0	1765894020.5058107	5.911e+04	2.412e+04	1.337e+04	7.833e+04	4.304e+02	6.832e+03	5.693e+03	48.67	69.89	10.65

500000.0	500000.0	1765894021.58231	6.081e+04	2.386e+04	1.317e+04	7.846e+04	4.389e+02	7.023e+03	5.732e+03	48.69	70.05	10.67

500000.0	500000.0	1765894022.5033631	6.211e+04	2.362e+04	1.296e+04	7.858e+04	4.487e+02	7.219e+03	5.767e+03	48.70	70.01	10.63

500000.0	500000.0	1765894023.5685449	6.321e+04	2.342e+04	1.276e+04	7.871e+04	4.573e+02	7.409e+03	5.800e+03	48.71	69.81	10.51

500000.0	500000.0	1765894024.5019085	6.431e+04	2.325e+04	1.257e+04	7.883e+04	4.653e+02	7.590e+03	5.829e+03	48.72	70.01	10.57

500000.0	500000.0	1765894025.577857	6.520e+04	2.308e+04	1.239e+04	7.921e+04	4.733e+02	7.762e+03	5.857e+03	48.73	69.77	10.57

500000.0	500000.0	1765894026.50241	6.607e+04	2.295e+04	1.223e+04	7.934e+04	4.807e+02	7.920e+03	5.881e+03	48.74	69.85	10.71

500000.0	500000.0	1765894027.5758517	6.670e+04	2.284e+04	1.209e+04	7.947e+04	4.875e+02	8.062e+03	5.903e+03	48.75	69.77	10.58

500000.0	500000.0	1765894028.498971	6.753e+04	2.273e+04	1.196e+04	7.985e+04	4.949e+02	8.205e+03	5.925e+03	48.73	69.89	10.54

500000.0	500000.0	1765894029.5209951	6.822e+04	2.263e+04	1.183e+04	8.024e+04	5.017e+02	8.330e+03	5.942e+03	48.74	69.89	10.44

##########################################################_BOMBA_DESLIGADA_###########################################################
##########################################################_BOMBA_DESLIGADA_###########################################################
1	1	1765894032.4935112	7.742e+04	2.267e+04	1.099e+04	8.686e+04	5.347e+02	9.152e+03	6.021e+03	48.98	99.72	12.44

500000.0	1	1765894033.4906435	8.164e+04	2.241e+04	1.060e+04	9.083e+04	5.503e+02	9.593e+03	6.072e+03	48.95	99.72	13.17

500000.0	1	1765894034.4917262	8.450e+04	2.215e+04	1.023e+04	9.373e+04	5.641e+02	1.003e+04	6.112e+03	48.95	99.64	13.35

500000.0	1	1765894035.4894013	8.683e+04	2.189e+04	9.846e+03	9.589e+04	5.767e+02	1.050e+04	6.152e+03	48.93	99.72	13.47

500000.0	1	1765894036.4894047	8.859e+04	2.169e+04	9.488e+03	9.738e+04	5.880e+02	1.095e+04	6.182e+03	48.96	99.64	13.53

500000.0	1	1765894037.4810283	8.997e+04	2.151e+04	9.133e+03	9.873e+04	5.994e+02	1.142e+04	6.215e+03	48.95	99.72	13.62

500000.0	1	1765894038.487645	9.119e+04	2.137e+04	8.799e+03	9.951e+04	6.102e+02	1.186e+04	6.241e+03	48.95	99.76	13.66

500000.0	1	1765894039.478903	9.172e+04	2.125e+04	8.479e+03	1.001e+05	6.203e+02	1.233e+04	6.264e+03	48.96	99.72	13.59

500000.0	1	1765894040.4859042	9.225e+04	2.115e+04	8.187e+03	1.001e+05	6.286e+02	1.276e+04	6.288e+03	48.99	99.68	13.59

500000.0	1	1765894041.4842794	9.285e+04	2.106e+04	7.890e+03	1.005e+05	6.388e+02	1.322e+04	6.308e+03	48.97	99.72	13.70

500000.0	1	1765894042.483616	9.346e+04	2.097e+04	7.637e+03	1.007e+05	6.471e+02	1.364e+04	6.327e+03	48.98	99.76	13.70

500000.0	1	1765894043.483161	9.373e+04	2.089e+04	7.391e+03	1.005e+05	6.560e+02	1.407e+04	6.346e+03	48.98	99.64	13.68

500000.0	1	1765894044.4818952	9.414e+04	2.081e+04	7.176e+03	1.005e+05	6.637e+02	1.447e+04	6.363e+03	48.99	99.68	13.75

500000.0	1	1765894045.486648	9.449e+04	2.072e+04	6.963e+03	1.003e+05	6.714e+02	1.488e+04	6.380e+03	48.99	99.68	13.75

500000.0	1	1765894046.4876192	9.484e+04	2.064e+04	6.774e+03	1.003e+05	6.791e+02	1.525e+04	6.395e+03	49.00	99.76	13.70

500000.0	1	1765894047.4848354	9.519e+04	2.057e+04	6.592e+03	1.003e+05	6.868e+02	1.564e+04	6.409e+03	49.01	99.68	13.78

500000.0	1	1765894048.4776978	9.561e+04	2.049e+04	6.445e+03	9.991e+04	6.939e+02	1.599e+04	6.425e+03	49.01	99.64	13.75

500000.0	1	1765894049.4845092	9.590e+04	2.040e+04	6.287e+03	9.971e+04	7.010e+02	1.636e+04	6.438e+03	49.03	99.68	13.81

500000.0	1	1765894050.475766	9.618e+04	2.033e+04	6.148e+03	9.951e+04	7.075e+02	1.669e+04	6.452e+03	49.02	99.68	13.82

############################################################_BOMBA_LIGADA_############################################################
############################################################_BOMBA_LIGADA_############################################################
1	500000.0	1765894056.4699728	9.159e+04	1.937e+04	6.107e+03	9.133e+04	7.582e+02	1.736e+04	6.539e+03	48.66	56.69	11.85

500000.0	500000.0	1765894057.472886	9.292e+04	1.900e+04	6.375e+03	8.170e+04	7.870e+02	1.684e+04	6.539e+03	48.48	55.99	10.67

500000.0	500000.0	1765894058.4669495	9.647e+04	1.863e+04	6.305e+03	7.650e+04	8.332e+02	1.713e+04	6.563e+03	48.34	55.76	9.99

500000.0	500000.0	1765894059.4849708	1.003e+05	1.827e+04	5.974e+03	7.352e+04	8.879e+02	1.809e+04	6.602e+03	48.22	55.83	9.65

500000.0	500000.0	1765894060.465464	1.034e+05	1.801e+04	5.611e+03	7.169e+04	9.337e+02	1.930e+04	6.641e+03	48.09	55.91	9.49

500000.0	500000.0	1765894061.4808266	1.056e+05	1.779e+04	3.433e+03	7.055e+04	9.731e+02	2.071e+04	6.677e+03	47.97	55.72	9.32

500000.0	500000.0	1765894062.4568179	1.075e+05	1.757e+04	3.204e+03	6.965e+04	1.016e+03	2.208e+04	6.707e+03	47.87	55.83	9.26

500000.0	500000.0	1765894063.4834673	1.097e+05	1.735e+04	3.156e+03	6.886e+04	1.063e+03	2.367e+04	6.737e+03	47.76	55.83	9.16

500000.0	500000.0	1765894064.459771	1.112e+05	1.720e+04	3.134e+03	6.847e+04	1.098e+03	2.510e+04	6.762e+03	47.69	55.80	9.13

500000.0	500000.0	1765894065.487347	1.116e+05	1.711e+04	3.134e+03	6.828e+04	1.122e+03	2.650e+04	6.785e+03	47.63	55.72	9.35

500000.0	500000.0	1765894066.45984	1.119e+05	1.706e+04	3.134e+03	6.800e+04	1.135e+03	2.731e+04	6.802e+03	47.53	55.72	9.31

500000.0	500000.0	1765894067.4830306	1.116e+05	1.699e+04	3.134e+03	6.771e+04	1.149e+03	2.763e+04	6.814e+03	47.45	55.76	9.24

500000.0	500000.0	1765894068.4580996	1.121e+05	1.690e+04	3.134e+03	6.771e+04	1.173e+03	2.794e+04	6.827e+03	47.38	55.76	9.19

500000.0	500000.0	1765894069.4728894	1.124e+05	1.684e+04	3.134e+03	6.762e+04	1.191e+03	2.851e+04	6.839e+03	47.33	55.72	9.27

500000.0	500000.0	1765894070.45587	1.129e+05	1.676e+04	3.134e+03	6.762e+04	1.211e+03	2.908e+04	6.849e+03	47.28	55.80	9.23

500000.0	500000.0	1765894071.4857242	1.134e+05	1.669e+04	3.134e+03	6.752e+04	1.229e+03	2.960e+04	6.859e+03	47.23	55.76	9.13

500000.0	500000.0	1765894072.453974	1.137e+05	1.662e+04	3.134e+03	6.771e+04	1.242e+03	2.997e+04	6.871e+03	47.17	55.91	9.12

500000.0	500000.0	1765894073.4872122	1.139e+05	1.658e+04	3.134e+03	6.771e+04	1.258e+03	3.054e+04	6.881e+03	47.11	55.68	9.19

500000.0	500000.0	1765894074.4523184	1.135e+05	1.657e+04	3.134e+03	6.771e+04	1.259e+03	3.054e+04	6.886e+03	47.08	55.87	9.20

500000.0	500000.0	1765894075.485761	1.129e+05	1.657e+04	3.134e+03	6.790e+04	1.261e+03	3.026e+04	6.888e+03	47.00	55.76	9.15

##########################################################_BOMBA_DESLIGADA_###########################################################
#####################################################_CICLO_FINALIZADO_4_DE_5_#####################################################
##########################################################_BOMBA_DESLIGADA_###########################################################
#####################################################_CICLO_FINALIZADO_4_DE_5_#####################################################
1	1	1765894089.4870784	1.288e+05	1.520e+04	5.956e+03	9.701e+04	1.634e+03	4.454e+04	7.117e+03	48.09	99.68	13.55

500000.0	1	1765894090.430017	1.292e+05	1.511e+04	5.962e+03	9.738e+04	1.648e+03	4.530e+04	7.127e+03	48.16	99.79	13.56

500000.0	1	1765894091.4858544	1.297e+05	1.497e+04	5.968e+03	9.757e+04	1.664e+03	4.616e+04	7.139e+03	48.21	99.68	13.52

#####################################################_CICLO_INICIADO_5_DE_5_#####################################################
#####################################################_CICLO_INICIADO_5_DE_5_#####################################################
############################################################_BOMBA_LIGADA_############################################################
############################################################_BOMBA_LIGADA_############################################################
1	500000.0	1765894097.484874	4.824e+04	1.653e+04	5.916e+03	8.968e+04	8.498e+02	1.728e+04	6.474e+03	48.37	70.20	11.71

500000.0	500000.0	1765894098.42757	4.239e+04	2.037e+04	9.263e+03	8.507e+04	5.849e+02	9.955e+03	5.860e+03	48.45	69.89	11.21

500000.0	500000.0	1765894099.4896042	4.270e+04	2.325e+04	1.116e+04	8.280e+04	4.782e+02	7.727e+03	5.573e+03	48.49	69.89	10.98

500000.0	500000.0	1765894100.4260125	4.483e+04	2.469e+04	1.233e+04	8.130e+04	4.316e+02	6.838e+03	5.479e+03	48.55	69.89	10.69

500000.0	500000.0	1765894101.4932852	4.746e+04	2.523e+04	1.306e+04	8.024e+04	4.121e+02	6.470e+03	5.470e+03	48.60	69.85	10.65

500000.0	500000.0	1765894102.424091	5.008e+04	2.531e+04	1.345e+04	7.960e+04	4.072e+02	6.357e+03	5.499e+03	48.63	69.81	10.57

500000.0	500000.0	1765894103.4568565	5.287e+04	2.513e+04	1.362e+04	7.934e+04	4.103e+02	6.377e+03	5.547e+03	48.65	69.73	10.60

500000.0	500000.0	1765894104.4197736	5.507e+04	2.490e+04	1.363e+04	7.934e+04	4.157e+02	6.473e+03	5.590e+03	48.68	69.85	10.46

500000.0	500000.0	1765894105.4666092	5.705e+04	2.460e+04	1.354e+04	7.909e+04	4.231e+02	6.620e+03	5.639e+03	48.72	69.89	10.44

500000.0	500000.0	1765894106.420112	5.884e+04	2.432e+04	1.340e+04	7.909e+04	4.310e+02	6.797e+03	5.683e+03	48.74	69.89	10.44

500000.0	500000.0	1765894107.426747	6.053e+04	2.404e+04	1.322e+04	7.934e+04	4.408e+02	6.988e+03	5.728e+03	48.75	69.97	10.52

500000.0	500000.0	1765894108.4186792	6.201e+04	2.378e+04	1.302e+04	7.921e+04	4.487e+02	7.187e+03	5.767e+03	48.78	70.08	10.52

500000.0	500000.0	1765894109.48978	6.331e+04	2.356e+04	1.281e+04	7.960e+04	4.586e+02	7.382e+03	5.802e+03	48.79	70.16	10.40

500000.0	500000.0	1765894110.4169688	6.442e+04	2.337e+04	1.262e+04	7.960e+04	4.665e+02	7.567e+03	5.831e+03	48.81	70.12	10.51

500000.0	500000.0	1765894111.4910913	6.541e+04	2.320e+04	1.245e+04	7.972e+04	4.745e+02	7.731e+03	5.857e+03	48.83	69.85	10.63

500000.0	500000.0	1765894112.4137008	6.629e+04	2.305e+04	1.229e+04	7.998e+04	4.832e+02	7.896e+03	5.885e+03	48.84	69.85	10.46

500000.0	500000.0	1765894113.4866276	6.722e+04	2.292e+04	1.214e+04	8.051e+04	4.906e+02	8.050e+03	5.909e+03	48.83	69.89	10.60

500000.0	500000.0	1765894114.4118388	6.795e+04	2.281e+04	1.201e+04	8.077e+04	4.974e+02	8.189e+03	5.931e+03	48.79	70.08	10.47

500000.0	500000.0	1765894115.458802	6.857e+04	2.271e+04	1.190e+04	8.090e+04	5.042e+02	8.307e+03	5.949e+03	48.83	69.97	10.60

500000.0	500000.0	1765894116.4062893	6.920e+04	2.263e+04	1.181e+04	8.117e+04	5.098e+02	8.419e+03	5.968e+03	48.80	69.89	10.42

##########################################################_BOMBA_DESLIGADA_###########################################################
##########################################################_BOMBA_DESLIGADA_###########################################################
1	1	1765894118.406536	7.492e+04	2.282e+04	1.127e+04	8.493e+04	5.285e+02	8.891e+03	6.004e+03	49.03	99.68	11.85

500000.0	1	1765894119.4907002	7.956e+04	2.258e+04	1.088e+04	8.952e+04	5.453e+02	9.336e+03	6.057e+03	49.01	99.72	12.55

500000.0	1	1765894120.4064825	8.333e+04	2.231e+04	1.051e+04	9.321e+04	5.597e+02	9.767e+03	6.101e+03	48.99	99.72	12.86

500000.0	1	1765894121.4866564	8.600e+04	2.203e+04	1.013e+04	9.552e+04	5.717e+02	1.022e+04	6.144e+03	49.00	99.72	13.03

500000.0	1	1765894122.4030643	8.810e+04	2.179e+04	9.770e+03	9.738e+04	5.836e+02	1.067e+04	6.179e+03	49.01	99.68	13.19

500000.0	1	1765894123.4264097	8.978e+04	2.160e+04	9.401e+03	9.912e+04	5.956e+02	1.114e+04	6.212e+03	49.01	99.68	13.28

500000.0	1	1765894124.4017928	9.093e+04	2.143e+04	9.065e+03	9.991e+04	6.064e+02	1.159e+04	6.241e+03	49.02	99.68	13.35

500000.0	1	1765894125.4285212	9.191e+04	2.130e+04	8.731e+03	1.005e+05	6.172e+02	1.206e+04	6.269e+03	49.01	99.68	13.34

500000.0	1	1765894126.4062924	9.265e+04	2.118e+04	8.424e+03	1.011e+05	6.267e+02	1.251e+04	6.291e+03	49.02	99.72	13.52

500000.0	1	1765894127.3993511	9.332e+04	2.108e+04	8.114e+03	1.015e+05	6.369e+02	1.296e+04	6.313e+03	49.03	99.72	13.45

500000.0	1	1765894128.3969047	9.373e+04	2.098e+04	7.847e+03	1.015e+05	6.445e+02	1.340e+04	6.333e+03	49.04	99.56	13.42

500000.0	1	1765894129.3968403	9.435e+04	2.089e+04	7.589e+03	1.015e+05	6.541e+02	1.383e+04	6.352e+03	49.06	99.68	13.50

500000.0	1	1765894130.3951182	9.449e+04	2.081e+04	7.367e+03	1.017e+05	6.618e+02	1.424e+04	6.371e+03	49.05	99.68	13.60

500000.0	1	1765894131.3947742	9.512e+04	2.073e+04	7.147e+03	1.017e+05	6.701e+02	1.465e+04	6.387e+03	49.06	99.72	13.54

500000.0	1	1765894132.392734	9.547e+04	2.064e+04	6.951e+03	1.013e+05	6.778e+02	1.504e+04	6.403e+03	49.07	99.68	13.47

500000.0	1	1765894133.3914568	9.583e+04	2.056e+04	6.750e+03	1.017e+05	6.856e+02	1.544e+04	6.420e+03	49.06	99.68	13.43

500000.0	1	1765894134.3831122	9.611e+04	2.048e+04	6.586e+03	1.011e+05	6.920e+02	1.580e+04	6.436e+03	49.08	99.79	13.54

500000.0	1	1765894135.3904705	9.647e+04	2.039e+04	6.428e+03	1.011e+05	7.004e+02	1.618e+04	6.450e+03	49.08	99.68	13.52

500000.0	1	1765894136.3813844	9.683e+04	2.029e+04	6.282e+03	1.009e+05	7.068e+02	1.652e+04	6.465e+03	49.09	99.76	13.62

500000.0	1	1765894137.387416	9.705e+04	2.022e+04	6.154e+03	1.005e+05	7.140e+02	1.687e+04	6.479e+03	49.10	99.72	13.56

############################################################_BOMBA_LIGADA_############################################################
############################################################_BOMBA_LIGADA_############################################################
1	500000.0	1765894143.3814116	9.205e+04	1.917e+04	6.392e+03	8.671e+04	7.654e+02	1.689e+04	6.550e+03	48.69	56.03	11.16

500000.0	500000.0	1765894144.378655	9.414e+04	1.887e+04	6.562e+03	7.985e+04	7.956e+02	1.664e+04	6.558e+03	48.51	55.72	10.30

500000.0	500000.0	1765894145.3793063	9.720e+04	1.857e+04	6.439e+03	7.580e+04	8.359e+02	1.703e+04	6.586e+03	48.34	55.72	9.82

500000.0	500000.0	1765894146.3777876	9.990e+04	1.833e+04	6.171e+03	7.341e+04	8.745e+02	1.776e+04	6.618e+03	48.21	55.76	9.57

500000.0	500000.0	1765894147.3771214	1.021e+05	1.813e+04	5.852e+03	7.190e+04	9.108e+02	1.872e+04	6.650e+03	48.11	55.72	9.48

500000.0	500000.0	1765894148.3833172	1.036e+05	1.795e+04	5.616e+03	7.086e+04	9.405e+02	1.960e+04	6.676e+03	48.00	55.76	9.35

500000.0	500000.0	1765894149.3751514	1.045e+05	1.777e+04	3.460e+03	7.005e+04	9.711e+02	2.051e+04	6.701e+03	47.89	55.76	9.28

500000.0	500000.0	1765894150.3737283	1.056e+05	1.762e+04	3.259e+03	6.965e+04	9.984e+02	2.130e+04	6.720e+03	47.79	55.68	9.24

500000.0	500000.0	1765894151.3731475	1.063e+05	1.749e+04	3.204e+03	6.906e+04	1.025e+03	2.205e+04	6.742e+03	47.72	55.64	9.14

500000.0	500000.0	1765894152.3771477	1.070e+05	1.738e+04	3.188e+03	6.857e+04	1.047e+03	2.267e+04	6.759e+03	47.65	55.68	9.10

500000.0	500000.0	1765894153.37094	1.074e+05	1.729e+04	3.172e+03	6.838e+04	1.067e+03	2.324e+04	6.774e+03	47.59	55.83	9.02

500000.0	500000.0	1765894154.3719175	1.080e+05	1.723e+04	3.156e+03	6.838e+04	1.082e+03	2.372e+04	6.789e+03	47.51	55.80	9.10

500000.0	500000.0	1765894155.3694897	1.082e+05	1.716e+04	3.145e+03	6.828e+04	1.095e+03	2.418e+04	6.799e+03	47.46	55.72	9.04

500000.0	500000.0	1765894156.3729205	1.086e+05	1.708e+04	3.134e+03	6.809e+04	1.112e+03	2.460e+04	6.810e+03	47.40	55.68	9.13

500000.0	500000.0	1765894157.367403	1.092e+05	1.699e+04	3.134e+03	6.819e+04	1.132e+03	2.501e+04	6.821e+03	47.34	55.60	9.08

500000.0	500000.0	1765894158.373945	1.096e+05	1.692e+04	3.134e+03	6.828e+04	1.147e+03	2.531e+04	6.834e+03	47.27	55.68	8.96

500000.0	500000.0	1765894159.3653889	1.100e+05	1.685e+04	3.134e+03	6.828e+04	1.162e+03	2.571e+04	6.844e+03	47.22	55.76	9.07

500000.0	500000.0	1765894160.3773677	1.102e+05	1.677e+04	3.134e+03	6.838e+04	1.179e+03	2.603e+04	6.854e+03	47.18	55.76	8.90

500000.0	500000.0	1765894161.3630953	1.105e+05	1.670e+04	3.134e+03	6.781e+04	1.195e+03	2.627e+04	6.861e+03	47.15	55.60	9.61

500000.0	500000.0	1765894162.371579	1.101e+05	1.669e+04	3.134e+03	6.715e+04	1.200e+03	2.652e+04	6.861e+03	47.13	55.72	9.39

##########################################################_BOMBA_DESLIGADA_###########################################################
#####################################################_CICLO_FINALIZADO_5_DE_5_#####################################################
##########################################################_BOMBA_DESLIGADA_###########################################################
#####################################################_CICLO_FINALIZADO_5_DE_5_#####################################################
