1	1	1765899136.3894348	1.002e+05	2.404e+04	3.112e+03	1.058e+05	1.468e+03	3.910e+04	6.401e+03	50.13	99.56	11.78

500000.0	1	1765899137.3923523	1.002e+05	2.393e+04	3.123e+03	1.054e+05	1.477e+03	3.953e+04	6.412e+03	50.15	99.52	11.76

500000.0	1	1765899138.3960037	1.005e+05	2.386e+04	3.123e+03	1.054e+05	1.485e+03	3.997e+04	6.420e+03	50.17	99.48	11.88

#####################################################_CICLO_INICIADO_1_DE_5_#####################################################
#####################################################_CICLO_INICIADO_1_DE_5_#####################################################
#####################################################_CICLO_INICIADO_1_DE_5_#####################################################
############################################################_BOMBA_LIGADA_############################################################
############################################################_BOMBA_LIGADA_############################################################
############################################################_BOMBA_LIGADA_############################################################
1	500000.0	1765899147.3804555	3.976e+04	2.363e+04	3.900e+03	9.873e+04	8.233e+02	1.800e+04	6.054e+03	50.22	70.08	10.51

500000.0	500000.0	1765899148.386666	2.938e+04	2.753e+04	8.571e+03	9.338e+04	4.844e+02	8.472e+03	5.260e+03	50.26	69.93	9.82

500000.0	500000.0	1765899149.3789046	2.805e+04	3.132e+04	1.093e+04	9.033e+04	3.613e+02	5.995e+03	4.836e+03	50.30	70.20	9.54

500000.0	500000.0	1765899150.3787515	2.896e+04	3.327e+04	1.231e+04	8.872e+04	3.163e+02	5.106e+03	4.688e+03	50.32	70.24	9.34

500000.0	500000.0	1765899151.3770616	3.048e+04	3.421e+04	1.325e+04	8.747e+04	2.979e+02	4.682e+03	4.645e+03	50.33	69.93	9.16

500000.0	500000.0	1765899152.3726737	3.206e+04	3.453e+04	1.383e+04	8.717e+04	2.926e+02	4.494e+03	4.647e+03	50.33	70.05	9.11

500000.0	500000.0	1765899153.3752594	3.337e+04	3.457e+04	1.416e+04	8.686e+04	2.926e+02	4.425e+03	4.667e+03	50.35	70.08	9.03

500000.0	500000.0	1765899154.3909228	3.469e+04	3.448e+04	1.431e+04	8.671e+04	2.949e+02	4.421e+03	4.692e+03	50.35	70.24	9.08

500000.0	500000.0	1765899155.3725908	3.574e+04	3.431e+04	1.436e+04	8.656e+04	2.973e+02	4.450e+03	4.717e+03	50.36	70.32	8.98

500000.0	500000.0	1765899156.3821514	3.653e+04	3.421e+04	1.431e+04	8.686e+04	3.003e+02	4.498e+03	4.737e+03	50.36	70.24	9.03

500000.0	500000.0	1765899157.3705628	3.729e+04	3.406e+04	1.423e+04	8.671e+04	3.032e+02	4.558e+03	4.754e+03	50.36	70.32	8.99

500000.0	500000.0	1765899158.3997653	3.784e+04	3.397e+04	1.414e+04	8.701e+04	3.056e+02	4.616e+03	4.769e+03	50.36	70.12	9.03

500000.0	500000.0	1765899159.3690076	3.850e+04	3.387e+04	1.405e+04	8.732e+04	3.098e+02	4.674e+03	4.786e+03	50.34	70.05	9.12

500000.0	500000.0	1765899160.384727	3.903e+04	3.379e+04	1.395e+04	8.717e+04	3.116e+02	4.733e+03	4.797e+03	50.34	70.16	9.10

500000.0	500000.0	1765899161.3669682	3.944e+04	3.369e+04	1.387e+04	8.809e+04	3.140e+02	4.784e+03	4.811e+03	50.34	70.01	8.98

500000.0	500000.0	1765899162.365111	3.984e+04	3.362e+04	1.378e+04	8.794e+04	3.163e+02	4.835e+03	4.822e+03	50.34	70.32	8.98

500000.0	500000.0	1765899163.3648195	4.028e+04	3.357e+04	1.372e+04	8.825e+04	3.181e+02	4.875e+03	4.832e+03	50.33	69.97	8.92

##########################################################_BOMBA_DESLIGADA_###########################################################
##########################################################_BOMBA_DESLIGADA_###########################################################
1	1	1765899167.3602176	4.850e+04	3.406e+04	1.241e+04	9.912e+04	3.373e+02	5.382e+03	4.842e+03	50.50	99.56	11.03

##########################################################_BOMBA_DESLIGADA_###########################################################
500000.0	1	1765899168.3924627	5.063e+04	3.384e+04	1.207e+04	1.015e+05	3.426e+02	5.572e+03	4.869e+03	50.49	99.52	11.24

500000.0	1	1765899169.3601909	5.245e+04	3.361e+04	1.175e+04	1.036e+05	3.474e+02	5.763e+03	4.893e+03	50.49	99.52	11.33

500000.0	1	1765899170.3848572	5.383e+04	3.341e+04	1.142e+04	1.049e+05	3.528e+02	5.958e+03	4.917e+03	50.49	99.60	11.54

500000.0	1	1765899171.3570154	5.496e+04	3.326e+04	1.111e+04	1.063e+05	3.577e+02	6.155e+03	4.940e+03	50.47	99.44	11.45

500000.0	1	1765899172.3880026	5.580e+04	3.314e+04	1.082e+04	1.067e+05	3.625e+02	6.341e+03	4.961e+03	50.47	99.56	11.46

500000.0	1	1765899173.3550105	5.649e+04	3.305e+04	1.052e+04	1.072e+05	3.673e+02	6.537e+03	4.980e+03	50.47	99.56	11.41

500000.0	1	1765899174.3861423	5.708e+04	3.298e+04	1.025e+04	1.076e+05	3.715e+02	6.717e+03	4.997e+03	50.49	99.56	11.43

500000.0	1	1765899175.3513117	5.748e+04	3.293e+04	9.966e+03	1.078e+05	3.757e+02	6.908e+03	5.014e+03	50.48	99.44	11.45

500000.0	1	1765899176.401828	5.804e+04	3.287e+04	9.720e+03	1.081e+05	3.794e+02	7.078e+03	5.027e+03	50.48	99.56	11.50

500000.0	1	1765899177.3507507	5.839e+04	3.282e+04	9.488e+03	1.081e+05	3.830e+02	7.248e+03	5.041e+03	50.47	99.56	11.45

500000.0	1	1765899178.356957	5.878e+04	3.278e+04	9.270e+03	1.083e+05	3.878e+02	7.409e+03	5.053e+03	50.49	99.48	11.51

500000.0	1	1765899179.3469372	5.911e+04	3.274e+04	9.058e+03	1.081e+05	3.908e+02	7.569e+03	5.068e+03	50.49	99.48	11.42

500000.0	1	1765899180.3963153	5.950e+04	3.270e+04	8.873e+03	1.081e+05	3.939e+02	7.723e+03	5.079e+03	50.49	99.56	11.50

500000.0	1	1765899181.3458655	5.981e+04	3.265e+04	8.694e+03	1.081e+05	3.981e+02	7.869e+03	5.090e+03	50.49	99.56	11.59

500000.0	1	1765899182.3939805	6.012e+04	3.261e+04	8.528e+03	1.076e+05	4.024e+02	8.014e+03	5.103e+03	50.49	99.52	11.60

500000.0	1	1765899183.3446064	6.037e+04	3.256e+04	8.369e+03	1.078e+05	4.054e+02	8.150e+03	5.114e+03	50.49	99.52	11.64

500000.0	1	1765899184.3968282	6.075e+04	3.251e+04	8.223e+03	1.076e+05	4.084e+02	8.284e+03	5.125e+03	50.50	99.52	11.52

500000.0	1	1765899185.342931	6.103e+04	3.245e+04	8.083e+03	1.074e+05	4.127e+02	8.415e+03	5.136e+03	50.49	99.52	11.63

############################################################_BOMBA_LIGADA_############################################################
############################################################_BOMBA_LIGADA_############################################################
1	500000.0	1765899192.394467	5.947e+04	3.034e+04	9.015e+03	8.763e+04	4.641e+02	8.408e+03	5.338e+03	49.91	55.52	8.77

############################################################_BOMBA_LIGADA_############################################################
500000.0	500000.0	1765899193.3349156	6.257e+04	2.981e+04	8.904e+03	8.364e+04	4.943e+02	8.683e+03	5.402e+03	49.75	55.52	8.33

500000.0	500000.0	1765899194.3824317	6.570e+04	2.931e+04	8.553e+03	8.117e+04	5.285e+02	9.174e+03	5.470e+03	49.62	55.48	8.22

500000.0	500000.0	1765899195.3321924	6.845e+04	2.890e+04	8.041e+03	7.998e+04	5.635e+02	9.828e+03	5.540e+03	49.53	55.52	8.05

500000.0	500000.0	1765899196.3722284	7.070e+04	2.855e+04	7.463e+03	7.921e+04	5.944e+02	1.057e+04	5.597e+03	49.39	55.56	7.89

500000.0	500000.0	1765899197.330939	7.291e+04	2.821e+04	6.910e+03	7.858e+04	6.286e+02	1.135e+04	5.653e+03	49.30	55.44	7.76

500000.0	500000.0	1765899198.3854	7.460e+04	2.792e+04	6.369e+03	7.796e+04	6.599e+02	1.216e+04	5.703e+03	49.21	55.52	7.80

500000.0	500000.0	1765899199.3291824	7.585e+04	2.770e+04	5.893e+03	7.759e+04	6.881e+02	1.297e+04	5.748e+03	49.14	55.48	7.85

500000.0	500000.0	1765899200.3867135	7.703e+04	2.748e+04	5.456e+03	7.759e+04	7.166e+02	1.374e+04	5.786e+03	49.05	55.52	7.87

500000.0	500000.0	1765899201.3273194	7.805e+04	2.728e+04	5.069e+03	7.747e+04	7.438e+02	1.450e+04	5.821e+03	48.96	55.56	7.80

500000.0	500000.0	1765899202.3641434	7.890e+04	2.709e+04	4.769e+03	7.722e+04	7.719e+02	1.517e+04	5.854e+03	48.89	55.52	7.73

500000.0	500000.0	1765899203.3245947	7.951e+04	2.695e+04	4.483e+03	7.698e+04	7.943e+02	1.583e+04	5.881e+03	48.84	55.48	7.79

500000.0	500000.0	1765899204.3624313	8.028e+04	2.681e+04	4.249e+03	7.722e+04	8.187e+02	1.642e+04	5.909e+03	48.76	55.48	7.77

500000.0	500000.0	1765899205.3231354	8.059e+04	2.669e+04	4.049e+03	7.722e+04	8.379e+02	1.696e+04	5.931e+03	48.70	55.68	7.53

500000.0	500000.0	1765899206.3657987	8.064e+04	2.660e+04	3.889e+03	7.735e+04	8.552e+02	1.741e+04	5.952e+03	48.66	55.60	7.55

500000.0	500000.0	1765899207.3209875	8.122e+04	2.648e+04	3.745e+03	7.735e+04	8.759e+02	1.785e+04	5.970e+03	48.61	55.56	7.54

500000.0	500000.0	1765899208.377582	8.154e+04	2.640e+04	3.603e+03	7.747e+04	8.946e+02	1.829e+04	5.989e+03	48.57	55.60	7.62

500000.0	500000.0	1765899209.3193052	8.154e+04	2.637e+04	3.510e+03	7.735e+04	9.034e+02	1.863e+04	6.006e+03	48.54	55.60	7.58

##########################################################_BOMBA_DESLIGADA_###########################################################
#####################################################_CICLO_FINALIZADO_1_DE_5_#####################################################
##########################################################_BOMBA_DESLIGADA_###########################################################
#####################################################_CICLO_FINALIZADO_1_DE_5_#####################################################
##########################################################_BOMBA_DESLIGADA_###########################################################
#####################################################_CICLO_FINALIZADO_1_DE_5_#####################################################
1	1	1765899223.3046398	9.604e+04	2.572e+04	3.047e+03	1.063e+05	1.259e+03	2.882e+04	6.184e+03	49.56	99.52	11.40

500000.0	1	1765899224.3022585	9.654e+04	2.561e+04	3.053e+03	1.060e+05	1.277e+03	2.956e+04	6.201e+03	49.61	99.52	11.48

500000.0	1	1765899225.3027024	9.691e+04	2.551e+04	3.063e+03	1.060e+05	1.291e+03	3.019e+04	6.213e+03	49.66	99.48	11.47

#####################################################_CICLO_INICIADO_2_DE_5_#####################################################
500000.0	1	1765899226.3015592	9.727e+04	2.541e+04	3.074e+03	1.065e+05	1.307e+03	3.088e+04	6.229e+03	49.69	99.48	11.52

#####################################################_CICLO_INICIADO_2_DE_5_#####################################################
#####################################################_CICLO_INICIADO_2_DE_5_#####################################################
############################################################_BOMBA_LIGADA_############################################################
############################################################_BOMBA_LIGADA_############################################################
500000.0	500000.0	1765899232.3048966	2.144e+04	3.268e+04	9.890e+03	9.626e+04	3.367e+02	5.680e+03	4.500e+03	49.86	70.44	9.74

############################################################_BOMBA_LIGADA_############################################################
500000.0	500000.0	1765899233.2941678	2.076e+04	3.707e+04	1.209e+04	9.338e+04	2.547e+02	4.101e+03	4.126e+03	49.94	70.75	9.25

500000.0	500000.0	1765899234.3039198	2.192e+04	3.929e+04	1.358e+04	9.150e+04	2.260e+02	3.472e+03	4.010e+03	49.97	70.55	9.25

500000.0	500000.0	1765899235.2935529	2.372e+04	4.007e+04	1.455e+04	9.083e+04	2.172e+02	3.221e+03	4.008e+03	50.01	70.48	8.99

500000.0	500000.0	1765899236.303413	2.562e+04	4.009e+04	1.515e+04	9.017e+04	2.172e+02	3.143e+03	4.054e+03	50.04	70.59	9.03

500000.0	500000.0	1765899237.2909372	2.748e+04	3.978e+04	1.548e+04	8.984e+04	2.201e+02	3.158e+03	4.114e+03	50.07	70.67	9.07

500000.0	500000.0	1765899238.3039012	2.932e+04	3.931e+04	1.561e+04	8.984e+04	2.266e+02	3.228e+03	4.183e+03	50.09	70.40	9.16

500000.0	500000.0	1765899239.2889366	3.090e+04	3.879e+04	1.562e+04	8.984e+04	2.324e+02	3.325e+03	4.248e+03	50.10	70.48	9.01

500000.0	500000.0	1765899240.3017964	3.247e+04	3.826e+04	1.554e+04	8.984e+04	2.395e+02	3.447e+03	4.314e+03	50.11	70.59	8.92

500000.0	500000.0	1765899241.2875533	3.390e+04	3.776e+04	1.542e+04	9.001e+04	2.459e+02	3.571e+03	4.374e+03	50.13	70.71	9.07

500000.0	500000.0	1765899242.3030643	3.530e+04	3.727e+04	1.523e+04	9.033e+04	2.542e+02	3.716e+03	4.434e+03	50.15	70.51	9.12

500000.0	500000.0	1765899243.2848537	3.647e+04	3.685e+04	1.505e+04	9.033e+04	2.612e+02	3.847e+03	4.484e+03	50.15	70.44	8.97

500000.0	500000.0	1765899244.304161	3.754e+04	3.645e+04	1.485e+04	9.099e+04	2.677e+02	3.980e+03	4.532e+03	50.14	70.59	8.87

500000.0	500000.0	1765899245.2822242	3.840e+04	3.612e+04	1.467e+04	9.133e+04	2.742e+02	4.103e+03	4.571e+03	50.14	70.67	8.83

500000.0	500000.0	1765899246.3006873	3.927e+04	3.581e+04	1.447e+04	9.166e+04	2.807e+02	4.231e+03	4.613e+03	50.15	70.44	8.98

500000.0	500000.0	1765899247.2680247	4.001e+04	3.555e+04	1.431e+04	9.166e+04	2.854e+02	4.339e+03	4.647e+03	50.14	70.48	8.78

500000.0	500000.0	1765899248.3049538	4.070e+04	3.529e+04	1.415e+04	9.217e+04	2.914e+02	4.450e+03	4.680e+03	50.14	70.71	8.81

500000.0	500000.0	1765899249.267175	4.126e+04	3.510e+04	1.400e+04	9.234e+04	2.961e+02	4.543e+03	4.704e+03	50.14	70.67	8.91

##########################################################_BOMBA_DESLIGADA_###########################################################
##########################################################_BOMBA_DESLIGADA_###########################################################
1	1	1765899254.3027208	5.148e+04	3.484e+04	1.229e+04	1.049e+05	3.301e+02	5.342e+03	4.801e+03	50.32	99.56	11.19

##########################################################_BOMBA_DESLIGADA_###########################################################
500000.0	1	1765899255.275225	5.322e+04	3.457e+04	1.197e+04	1.074e+05	3.373e+02	5.533e+03	4.831e+03	50.31	99.52	11.25

500000.0	1	1765899256.3065612	5.475e+04	3.430e+04	1.163e+04	1.088e+05	3.444e+02	5.749e+03	4.863e+03	50.32	99.52	11.42

500000.0	1	1765899257.2729242	5.593e+04	3.410e+04	1.134e+04	1.097e+05	3.492e+02	5.933e+03	4.891e+03	50.32	99.60	11.38

500000.0	1	1765899258.3077097	5.691e+04	3.392e+04	1.105e+04	1.109e+05	3.546e+02	6.125e+03	4.915e+03	50.32	99.48	11.47

500000.0	1	1765899259.2712104	5.772e+04	3.377e+04	1.076e+04	1.112e+05	3.607e+02	6.318e+03	4.938e+03	50.32	99.56	11.48

500000.0	1	1765899260.30611	5.833e+04	3.363e+04	1.047e+04	1.117e+05	3.661e+02	6.511e+03	4.961e+03	50.34	99.52	11.42

500000.0	1	1765899261.2625883	5.890e+04	3.354e+04	1.021e+04	1.122e+05	3.703e+02	6.694e+03	4.980e+03	50.33	99.52	11.44

500000.0	1	1765899262.307927	5.938e+04	3.344e+04	9.947e+03	1.122e+05	3.757e+02	6.886e+03	5.000e+03	50.33	99.56	11.49

500000.0	1	1765899263.266826	5.981e+04	3.336e+04	9.714e+03	1.124e+05	3.800e+02	7.054e+03	5.017e+03	50.34	99.56	11.41

500000.0	1	1765899264.2957816	6.031e+04	3.327e+04	9.457e+03	1.124e+05	3.842e+02	7.244e+03	5.034e+03	50.34	99.52	11.44

500000.0	1	1765899265.2522821	6.065e+04	3.320e+04	9.263e+03	1.122e+05	3.884e+02	7.393e+03	5.048e+03	50.36	99.52	11.47

500000.0	1	1765899266.3047519	6.100e+04	3.313e+04	9.065e+03	1.122e+05	3.933e+02	7.563e+03	5.064e+03	50.35	99.52	11.52

500000.0	1	1765899267.2611544	6.132e+04	3.305e+04	8.885e+03	1.122e+05	3.963e+02	7.706e+03	5.077e+03	50.36	99.56	11.34

500000.0	1	1765899268.285908	6.165e+04	3.297e+04	8.719e+03	1.122e+05	4.005e+02	7.857e+03	5.092e+03	50.36	99.48	11.52

500000.0	1	1765899269.2604222	6.204e+04	3.290e+04	8.553e+03	1.117e+05	4.042e+02	8.000e+03	5.104e+03	50.37	99.52	11.37

500000.0	1	1765899270.2577875	6.234e+04	3.282e+04	8.394e+03	1.114e+05	4.084e+02	8.154e+03	5.119e+03	50.38	99.48	11.51

500000.0	1	1765899271.2571228	6.270e+04	3.274e+04	8.260e+03	1.112e+05	4.121e+02	8.278e+03	5.131e+03	50.38	99.48	11.43

############################################################_BOMBA_LIGADA_############################################################
############################################################_BOMBA_LIGADA_############################################################
1	500000.0	1765899278.2576103	6.155e+04	3.050e+04	9.164e+03	8.888e+04	4.665e+02	8.339e+03	5.347e+03	49.72	55.52	8.59

500000.0	500000.0	1765899279.2491293	6.431e+04	3.007e+04	9.021e+03	8.566e+04	4.925e+02	8.617e+03	5.405e+03	49.60	55.56	8.29

############################################################_BOMBA_LIGADA_############################################################
500000.0	500000.0	1765899280.2629147	6.722e+04	2.962e+04	8.645e+03	8.350e+04	5.229e+02	9.110e+03	5.473e+03	49.47	55.56	8.07

500000.0	500000.0	1765899281.246774	6.936e+04	2.930e+04	8.247e+03	8.225e+04	5.478e+02	9.608e+03	5.524e+03	49.35	55.56	8.06

500000.0	500000.0	1765899282.2562938	7.149e+04	2.896e+04	7.769e+03	8.143e+04	5.767e+02	1.022e+04	5.582e+03	49.26	55.64	7.99

500000.0	500000.0	1765899283.2447758	7.291e+04	2.870e+04	7.325e+03	8.064e+04	6.001e+02	1.082e+04	5.629e+03	49.16	55.68	7.94

500000.0	500000.0	1765899284.260836	7.424e+04	2.845e+04	6.933e+03	8.024e+04	6.235e+02	1.139e+04	5.670e+03	49.08	55.56	7.88

500000.0	500000.0	1765899285.243353	7.557e+04	2.820e+04	6.580e+03	7.998e+04	6.484e+02	1.196e+04	5.710e+03	48.99	55.60	7.73

500000.0	500000.0	1765899286.287822	7.622e+04	2.805e+04	6.264e+03	7.972e+04	6.663e+02	1.248e+04	5.743e+03	48.93	55.68	7.84

500000.0	500000.0	1765899287.2312107	7.646e+04	2.793e+04	6.067e+03	7.960e+04	6.791e+02	1.287e+04	5.771e+03	48.87	55.56	7.74

500000.0	500000.0	1765899288.2616498	7.665e+04	2.780e+04	5.933e+03	7.947e+04	6.939e+02	1.315e+04	5.793e+03	48.81	55.56	7.80

500000.0	500000.0	1765899289.2393954	7.674e+04	2.770e+04	5.841e+03	7.934e+04	7.056e+02	1.338e+04	5.815e+03	48.75	55.60	7.86

500000.0	500000.0	1765899290.2574947	7.679e+04	2.758e+04	5.795e+03	7.921e+04	7.172e+02	1.354e+04	5.831e+03	48.69	55.56	7.85

500000.0	500000.0	1765899291.2332883	7.703e+04	2.748e+04	5.731e+03	7.934e+04	7.315e+02	1.372e+04	5.850e+03	48.60	55.56	7.65

500000.0	500000.0	1765899292.2594762	7.732e+04	2.737e+04	5.645e+03	7.921e+04	7.432e+02	1.394e+04	5.868e+03	48.56	55.48	7.76

500000.0	500000.0	1765899293.235426	7.805e+04	2.723e+04	5.530e+03	7.934e+04	7.628e+02	1.421e+04	5.887e+03	48.53	55.52	7.66

500000.0	500000.0	1765899294.2602806	7.895e+04	2.708e+04	5.325e+03	7.909e+04	7.857e+02	1.461e+04	5.909e+03	48.50	55.52	7.63

500000.0	500000.0	1765899295.2341976	7.930e+04	2.702e+04	5.160e+03	7.921e+04	7.989e+02	1.496e+04	5.925e+03	48.45	55.60	7.54

500000.0	500000.0	1765899296.258939	7.966e+04	2.691e+04	5.035e+03	7.934e+04	8.121e+02	1.525e+04	5.942e+03	48.41	55.52	7.60

##########################################################_BOMBA_DESLIGADA_###########################################################
#####################################################_CICLO_FINALIZADO_2_DE_5_#####################################################
##########################################################_BOMBA_DESLIGADA_###########################################################
#####################################################_CICLO_FINALIZADO_2_DE_5_#####################################################
##########################################################_BOMBA_DESLIGADA_###########################################################
#####################################################_CICLO_FINALIZADO_2_DE_5_#####################################################
1	1	1765899309.2164085	9.380e+04	2.623e+04	2.928e+03	1.081e+05	1.145e+03	2.415e+04	6.115e+03	49.44	99.56	11.32

500000.0	1	1765899310.233019	9.442e+04	2.613e+04	2.939e+03	1.083e+05	1.162e+03	2.480e+04	6.132e+03	49.48	99.48	11.28

500000.0	1	1765899311.2138789	9.470e+04	2.603e+04	2.977e+03	1.083e+05	1.177e+03	2.543e+04	6.147e+03	49.53	99.56	11.46

#####################################################_CICLO_INICIADO_3_DE_5_#####################################################
500000.0	1	1765899313.2111487	9.554e+04	2.584e+04	3.036e+03	1.085e+05	1.207e+03	2.663e+04	6.173e+03	49.62	99.52	11.39

#####################################################_CICLO_INICIADO_3_DE_5_#####################################################
#####################################################_CICLO_INICIADO_3_DE_5_#####################################################
############################################################_BOMBA_LIGADA_############################################################
############################################################_BOMBA_LIGADA_############################################################
1	500000.0	1765899319.2072945	8.138e+04	2.495e+04	3.090e+03	1.088e+05	1.238e+03	3.006e+04	6.269e+03	49.75	72.43	11.14

############################################################_BOMBA_LIGADA_############################################################
500000.0	500000.0	1765899320.2547107	3.072e+04	2.663e+04	6.363e+03	1.028e+05	5.786e+02	1.133e+04	5.517e+03	49.77	70.28	10.08

500000.0	500000.0	1765899321.2039006	2.318e+04	3.208e+04	1.016e+04	9.777e+04	3.450e+02	5.907e+03	4.649e+03	49.84	70.05	9.59

500000.0	500000.0	1765899322.207858	2.235e+04	3.629e+04	1.235e+04	9.444e+04	2.624e+02	4.260e+03	4.257e+03	49.90	70.20	9.27

500000.0	500000.0	1765899323.2054853	2.347e+04	3.827e+04	1.372e+04	9.286e+04	2.354e+02	3.648e+03	4.140e+03	49.94	70.28	9.09

500000.0	500000.0	1765899324.2064831	2.532e+04	3.903e+04	1.469e+04	9.183e+04	2.266e+02	3.385e+03	4.136e+03	49.99	70.08	9.13

500000.0	500000.0	1765899325.200966	2.722e+04	3.907e+04	1.527e+04	9.116e+04	2.260e+02	3.304e+03	4.177e+03	50.02	70.12	9.00

500000.0	500000.0	1765899326.2046986	2.914e+04	3.879e+04	1.559e+04	9.083e+04	2.301e+02	3.314e+03	4.235e+03	50.05	70.08	8.92

500000.0	500000.0	1765899327.1921031	3.096e+04	3.838e+04	1.572e+04	9.066e+04	2.354e+02	3.379e+03	4.299e+03	50.07	70.28	8.83

500000.0	500000.0	1765899328.2028675	3.263e+04	3.791e+04	1.571e+04	9.050e+04	2.424e+02	3.478e+03	4.363e+03	50.09	70.08	8.98

500000.0	500000.0	1765899329.1979702	3.409e+04	3.743e+04	1.562e+04	9.066e+04	2.494e+02	3.591e+03	4.420e+03	50.09	70.08	8.81

500000.0	500000.0	1765899330.2422695	3.562e+04	3.697e+04	1.547e+04	9.083e+04	2.571e+02	3.722e+03	4.480e+03	50.10	70.12	8.94

500000.0	500000.0	1765899331.1952825	3.677e+04	3.657e+04	1.530e+04	9.099e+04	2.642e+02	3.852e+03	4.530e+03	50.11	70.24	8.94

500000.0	500000.0	1765899332.1988957	3.787e+04	3.620e+04	1.509e+04	9.133e+04	2.712e+02	3.989e+03	4.578e+03	50.12	70.05	8.95

500000.0	500000.0	1765899333.1913993	3.877e+04	3.588e+04	1.490e+04	9.150e+04	2.772e+02	4.114e+03	4.618e+03	50.11	70.32	9.02

500000.0	500000.0	1765899334.1957726	3.978e+04	3.558e+04	1.468e+04	9.166e+04	2.837e+02	4.246e+03	4.659e+03	50.13	70.28	8.91

500000.0	500000.0	1765899335.1863956	4.052e+04	3.534e+04	1.452e+04	9.200e+04	2.890e+02	4.358e+03	4.692e+03	50.13	70.05	9.01

500000.0	500000.0	1765899336.1969116	4.131e+04	3.510e+04	1.434e+04	9.217e+04	2.955e+02	4.472e+03	4.727e+03	50.12	70.20	9.05

##########################################################_BOMBA_DESLIGADA_###########################################################
1	1	1765899338.190604	4.503e+04	3.542e+04	1.342e+04	9.534e+04	3.098e+02	4.784e+03	4.728e+03	50.35	99.48	10.18

##########################################################_BOMBA_DESLIGADA_###########################################################
1	1	1765899340.18987	5.074e+04	3.492e+04	1.269e+04	1.036e+05	3.283e+02	5.206e+03	4.809e+03	50.33	99.44	11.04

##########################################################_BOMBA_DESLIGADA_###########################################################
500000.0	1	1765899341.194099	5.287e+04	3.463e+04	1.236e+04	1.058e+05	3.355e+02	5.407e+03	4.845e+03	50.32	99.40	11.21

500000.0	1	1765899342.1868103	5.464e+04	3.436e+04	1.203e+04	1.081e+05	3.420e+02	5.611e+03	4.877e+03	50.32	99.52	11.31

500000.0	1	1765899343.19242	5.602e+04	3.414e+04	1.170e+04	1.093e+05	3.480e+02	5.816e+03	4.908e+03	50.33	99.44	11.33

500000.0	1	1765899344.1844049	5.717e+04	3.393e+04	1.138e+04	1.102e+05	3.546e+02	6.015e+03	4.935e+03	50.33	99.52	11.30

500000.0	1	1765899345.1918845	5.809e+04	3.378e+04	1.107e+04	1.107e+05	3.601e+02	6.214e+03	4.958e+03	50.34	99.52	11.46

500000.0	1	1765899346.1819415	5.875e+04	3.365e+04	1.078e+04	1.112e+05	3.655e+02	6.408e+03	4.980e+03	50.35	99.48	11.38

500000.0	1	1765899347.1982634	5.932e+04	3.354e+04	1.049e+04	1.114e+05	3.709e+02	6.599e+03	5.001e+03	50.35	99.52	11.37

500000.0	1	1765899348.180385	5.978e+04	3.344e+04	1.020e+04	1.119e+05	3.763e+02	6.797e+03	5.021e+03	50.36	99.44	11.54

500000.0	1	1765899349.2000265	6.034e+04	3.334e+04	9.953e+03	1.117e+05	3.806e+02	6.974e+03	5.036e+03	50.36	99.52	11.42

500000.0	1	1765899350.1782856	6.068e+04	3.327e+04	9.701e+03	1.119e+05	3.854e+02	7.157e+03	5.052e+03	50.36	99.60	11.32

500000.0	1	1765899351.1853864	6.103e+04	3.319e+04	9.482e+03	1.117e+05	3.896e+02	7.324e+03	5.068e+03	50.37	99.56	11.43

500000.0	1	1765899352.176211	6.145e+04	3.311e+04	9.263e+03	1.117e+05	3.939e+02	7.492e+03	5.082e+03	50.37	99.44	11.38

500000.0	1	1765899353.1749103	6.178e+04	3.304e+04	9.065e+03	1.117e+05	3.981e+02	7.654e+03	5.096e+03	50.38	99.52	11.45

500000.0	1	1765899354.174026	6.211e+04	3.295e+04	8.873e+03	1.114e+05	4.018e+02	7.810e+03	5.110e+03	50.38	99.52	11.42

500000.0	1	1765899355.1699722	6.240e+04	3.288e+04	8.700e+03	1.114e+05	4.060e+02	7.962e+03	5.123e+03	50.38	99.48	11.45

500000.0	1	1765899356.1716266	6.274e+04	3.281e+04	8.541e+03	1.109e+05	4.109e+02	8.105e+03	5.137e+03	50.39	99.56	11.44

500000.0	1	1765899357.1706722	6.304e+04	3.273e+04	8.394e+03	1.109e+05	4.139e+02	8.245e+03	5.149e+03	50.39	99.56	11.45

############################################################_BOMBA_LIGADA_############################################################
############################################################_BOMBA_LIGADA_############################################################
1	500000.0	1765899365.1888661	5.953e+04	3.108e+04	8.762e+03	9.834e+04	4.475e+02	8.576e+03	5.336e+03	49.99	56.07	9.48

############################################################_BOMBA_LIGADA_############################################################
500000.0	500000.0	1765899366.1623957	6.072e+04	3.063e+04	9.052e+03	8.984e+04	4.641e+02	8.462e+03	5.363e+03	49.82	55.52	8.79

500000.0	500000.0	1765899367.190447	6.297e+04	3.020e+04	9.027e+03	8.581e+04	4.869e+02	8.624e+03	5.409e+03	49.67	55.56	8.37

500000.0	500000.0	1765899368.1597629	6.549e+04	2.976e+04	8.805e+03	8.336e+04	5.142e+02	8.964e+03	5.466e+03	49.54	55.56	8.13

500000.0	500000.0	1765899369.199349	6.768e+04	2.938e+04	8.473e+03	8.170e+04	5.410e+02	9.408e+03	5.519e+03	49.44	55.48	7.96

500000.0	500000.0	1765899370.1582415	6.996e+04	2.900e+04	8.041e+03	8.090e+04	5.704e+02	9.963e+03	5.575e+03	49.32	55.68	7.88

500000.0	500000.0	1765899371.1929104	7.205e+04	2.869e+04	7.595e+03	8.024e+04	6.001e+02	1.056e+04	5.626e+03	49.21	55.56	7.92

500000.0	500000.0	1765899372.156103	7.348e+04	2.844e+04	7.147e+03	7.972e+04	6.241e+02	1.117e+04	5.672e+03	49.13	55.52	7.82

500000.0	500000.0	1765899373.196471	7.446e+04	2.824e+04	6.797e+03	7.947e+04	6.433e+02	1.171e+04	5.709e+03	49.06	55.64	7.73

500000.0	500000.0	1765899374.1542494	7.510e+04	2.807e+04	6.498e+03	7.909e+04	6.612e+02	1.220e+04	5.742e+03	48.97	55.52	7.74

500000.0	500000.0	1765899375.1760845	7.543e+04	2.792e+04	6.305e+03	7.909e+04	6.766e+02	1.256e+04	5.768e+03	48.91	55.60	7.78

500000.0	500000.0	1765899376.1405718	7.646e+04	2.773e+04	6.084e+03	7.883e+04	6.997e+02	1.297e+04	5.796e+03	48.85	55.56	7.73

500000.0	500000.0	1765899377.1998699	7.698e+04	2.760e+04	5.847e+03	7.871e+04	7.172e+02	1.341e+04	5.821e+03	48.81	55.64	7.65

500000.0	500000.0	1765899378.1506867	7.737e+04	2.747e+04	5.662e+03	7.871e+04	7.328e+02	1.378e+04	5.844e+03	48.75	55.64	7.66

500000.0	500000.0	1765899379.147903	7.771e+04	2.738e+04	5.519e+03	7.846e+04	7.471e+02	1.410e+04	5.865e+03	48.70	55.48	7.66

500000.0	500000.0	1765899380.148583	7.752e+04	2.731e+04	5.422e+03	7.858e+04	7.543e+02	1.431e+04	5.881e+03	48.66	55.44	7.59

500000.0	500000.0	1765899381.1939957	7.727e+04	2.728e+04	5.376e+03	7.858e+04	7.608e+02	1.445e+04	5.894e+03	48.60	55.52	7.69

500000.0	500000.0	1765899382.146372	7.722e+04	2.721e+04	5.370e+03	7.871e+04	7.673e+02	1.453e+04	5.906e+03	48.56	55.60	7.76

##########################################################_BOMBA_DESLIGADA_###########################################################
#####################################################_CICLO_FINALIZADO_3_DE_5_#####################################################
##########################################################_BOMBA_DESLIGADA_###########################################################
#####################################################_CICLO_FINALIZADO_3_DE_5_#####################################################
##########################################################_BOMBA_DESLIGADA_###########################################################
#####################################################_CICLO_FINALIZADO_3_DE_5_#####################################################
1	1	1765899395.1941433	9.159e+04	2.640e+04	2.885e+03	1.069e+05	1.124e+03	2.316e+04	6.077e+03	49.52	99.56	11.39

500000.0	1	1765899396.1320148	9.205e+04	2.630e+04	2.901e+03	1.069e+05	1.140e+03	2.385e+04	6.090e+03	49.57	99.48	11.50

500000.0	1	1765899397.1513717	9.265e+04	2.619e+04	2.918e+03	1.074e+05	1.156e+03	2.447e+04	6.106e+03	49.61	99.52	11.54

500000.0	1	1765899398.1298943	9.312e+04	2.612e+04	2.928e+03	1.072e+05	1.171e+03	2.510e+04	6.121e+03	49.66	99.56	11.45

#####################################################_CICLO_INICIADO_4_DE_5_#####################################################
#####################################################_CICLO_INICIADO_4_DE_5_#####################################################
#####################################################_CICLO_INICIADO_4_DE_5_#####################################################
############################################################_BOMBA_LIGADA_############################################################
############################################################_BOMBA_LIGADA_############################################################
1	500000.0	1765899405.18987	2.408e+04	3.419e+04	1.165e+04	9.480e+04	2.997e+02	4.922e+03	4.477e+03	49.85	70.08	9.47

############################################################_BOMBA_LIGADA_############################################################
500000.0	500000.0	1765899406.12231	2.483e+04	3.669e+04	1.329e+04	9.269e+04	2.577e+02	4.042e+03	4.298e+03	49.90	70.20	9.21

500000.0	500000.0	1765899407.1858501	2.660e+04	3.776e+04	1.436e+04	9.166e+04	2.436e+02	3.678e+03	4.266e+03	49.94	70.20	9.01

500000.0	500000.0	1765899408.1206183	2.857e+04	3.798e+04	1.503e+04	9.083e+04	2.401e+02	3.547e+03	4.294e+03	49.98	70.20	9.00

500000.0	500000.0	1765899409.152624	3.051e+04	3.780e+04	1.540e+04	9.099e+04	2.430e+02	3.531e+03	4.344e+03	50.01	70.08	8.99

500000.0	500000.0	1765899410.1183064	3.238e+04	3.745e+04	1.556e+04	9.050e+04	2.483e+02	3.584e+03	4.407e+03	50.02	70.24	9.05

500000.0	500000.0	1765899411.1851888	3.410e+04	3.702e+04	1.559e+04	9.033e+04	2.559e+02	3.677e+03	4.469e+03	50.04	70.36	8.93

500000.0	500000.0	1765899412.116269	3.569e+04	3.655e+04	1.549e+04	9.033e+04	2.630e+02	3.793e+03	4.526e+03	50.05	70.12	8.94

500000.0	500000.0	1765899413.1700737	3.711e+04	3.615e+04	1.532e+04	9.050e+04	2.712e+02	3.925e+03	4.578e+03	50.08	70.40	9.11

500000.0	500000.0	1765899414.1144702	3.834e+04	3.575e+04	1.511e+04	9.050e+04	2.789e+02	4.067e+03	4.627e+03	50.08	70.05	9.21

500000.0	500000.0	1765899415.1116571	3.947e+04	3.541e+04	1.489e+04	9.066e+04	2.860e+02	4.206e+03	4.672e+03	50.09	70.20	8.99

500000.0	500000.0	1765899416.1126983	4.046e+04	3.510e+04	1.467e+04	9.099e+04	2.937e+02	4.351e+03	4.717e+03	50.09	70.28	9.10

500000.0	500000.0	1765899417.164886	4.139e+04	3.482e+04	1.445e+04	9.116e+04	3.009e+02	4.487e+03	4.754e+03	50.10	70.24	9.11

500000.0	500000.0	1765899418.1101778	4.205e+04	3.460e+04	1.425e+04	9.150e+04	3.068e+02	4.611e+03	4.786e+03	50.09	70.36	9.13

500000.0	500000.0	1765899419.0963967	4.269e+04	3.441e+04	1.407e+04	9.150e+04	3.128e+02	4.728e+03	4.817e+03	50.11	70.12	9.01

500000.0	500000.0	1765899420.1079798	4.350e+04	3.422e+04	1.390e+04	9.200e+04	3.199e+02	4.840e+03	4.846e+03	50.11	70.20	9.17

500000.0	500000.0	1765899421.104406	4.412e+04	3.400e+04	1.373e+04	9.217e+04	3.253e+02	4.955e+03	4.877e+03	50.10	70.24	9.04

500000.0	500000.0	1765899422.1063917	4.459e+04	3.386e+04	1.359e+04	9.234e+04	3.301e+02	5.050e+03	4.899e+03	50.10	70.08	9.13

##########################################################_BOMBA_DESLIGADA_###########################################################
##########################################################_BOMBA_DESLIGADA_###########################################################
1	1	1765899427.0890725	5.588e+04	3.357e+04	1.174e+04	1.058e+05	3.727e+02	6.011e+03	5.002e+03	50.28	99.44	11.50

##########################################################_BOMBA_DESLIGADA_###########################################################
500000.0	1	1765899428.1000805	5.777e+04	3.330e+04	1.137e+04	1.076e+05	3.806e+02	6.250e+03	5.034e+03	50.28	99.48	11.61

500000.0	1	1765899429.1056538	5.926e+04	3.305e+04	1.102e+04	1.085e+05	3.884e+02	6.495e+03	5.066e+03	50.28	99.52	11.61

500000.0	1	1765899430.0959516	6.040e+04	3.287e+04	1.069e+04	1.102e+05	3.957e+02	6.725e+03	5.092e+03	50.29	99.52	11.63

500000.0	1	1765899431.0960886	6.139e+04	3.268e+04	1.036e+04	1.109e+05	4.024e+02	6.966e+03	5.119e+03	50.29	99.48	11.62

500000.0	1	1765899432.0963383	6.214e+04	3.255e+04	1.005e+04	1.114e+05	4.091e+02	7.189e+03	5.141e+03	50.28	99.52	11.73

500000.0	1	1765899433.1066477	6.274e+04	3.243e+04	9.758e+03	1.117e+05	4.145e+02	7.424e+03	5.163e+03	50.30	99.48	11.78

500000.0	1	1765899434.0943918	6.335e+04	3.232e+04	9.451e+03	1.122e+05	4.200e+02	7.662e+03	5.184e+03	50.29	99.52	11.60

500000.0	1	1765899435.1069055	6.383e+04	3.223e+04	9.189e+03	1.122e+05	4.255e+02	7.879e+03	5.200e+03	50.30	99.44	11.72

500000.0	1	1765899436.0899346	6.424e+04	3.214e+04	8.928e+03	1.122e+05	4.310e+02	8.097e+03	5.217e+03	50.30	99.52	11.73

500000.0	1	1765899437.105847	6.470e+04	3.205e+04	8.700e+03	1.124e+05	4.371e+02	8.303e+03	5.235e+03	50.31	99.52	11.71

500000.0	1	1765899438.088678	6.509e+04	3.198e+04	8.473e+03	1.117e+05	4.414e+02	8.504e+03	5.251e+03	50.31	99.48	11.65

500000.0	1	1765899439.093351	6.545e+04	3.189e+04	8.272e+03	1.119e+05	4.463e+02	8.701e+03	5.264e+03	50.32	99.48	11.75

500000.0	1	1765899440.088545	6.574e+04	3.182e+04	8.089e+03	1.119e+05	4.518e+02	8.882e+03	5.278e+03	50.31	99.52	11.64

500000.0	1	1765899441.0947304	6.614e+04	3.173e+04	7.896e+03	1.117e+05	4.567e+02	9.078e+03	5.293e+03	50.33	99.52	11.67

500000.0	1	1765899442.0865624	6.640e+04	3.167e+04	7.751e+03	1.114e+05	4.616e+02	9.238e+03	5.308e+03	50.33	99.48	11.71

500000.0	1	1765899443.1096792	6.670e+04	3.157e+04	7.583e+03	1.114e+05	4.665e+02	9.430e+03	5.321e+03	50.32	99.48	11.72

500000.0	1	1765899444.0844646	6.700e+04	3.151e+04	7.451e+03	1.109e+05	4.709e+02	9.576e+03	5.335e+03	50.32	99.48	11.75

############################################################_BOMBA_LIGADA_############################################################
############################################################_BOMBA_LIGADA_############################################################
1	500000.0	1765899452.0763953	6.629e+04	2.935e+04	8.053e+03	8.794e+04	5.491e+02	9.846e+03	5.545e+03	49.66	55.72	8.54

############################################################_BOMBA_LIGADA_############################################################
500000.0	500000.0	1765899453.1064577	6.944e+04	2.890e+04	7.679e+03	8.493e+04	5.899e+02	1.038e+04	5.602e+03	49.53	55.72	8.25

500000.0	500000.0	1765899454.0642042	7.209e+04	2.855e+04	7.188e+03	8.336e+04	6.261e+02	1.106e+04	5.651e+03	49.41	55.72	8.15

500000.0	500000.0	1765899455.1066928	7.437e+04	2.824e+04	6.574e+03	8.197e+04	6.624e+02	1.195e+04	5.706e+03	49.29	55.76	8.08

500000.0	500000.0	1765899456.0721467	7.594e+04	2.800e+04	6.072e+03	8.117e+04	6.907e+02	1.274e+04	5.748e+03	49.18	55.68	8.08

500000.0	500000.0	1765899457.106698	7.766e+04	2.772e+04	5.548e+03	8.037e+04	7.276e+02	1.366e+04	5.790e+03	49.08	55.76	7.99

500000.0	500000.0	1765899458.0704064	7.900e+04	2.751e+04	5.108e+03	8.024e+04	7.575e+02	1.448e+04	5.825e+03	49.00	55.56	7.86

500000.0	500000.0	1765899459.1077867	7.991e+04	2.734e+04	4.702e+03	7.972e+04	7.831e+02	1.533e+04	5.862e+03	48.92	55.68	7.96

500000.0	500000.0	1765899460.0681176	8.038e+04	2.722e+04	4.416e+03	7.947e+04	8.008e+02	1.597e+04	5.885e+03	48.86	55.64	7.89

500000.0	500000.0	1765899461.1010618	8.012e+04	2.714e+04	4.227e+03	7.934e+04	8.134e+02	1.646e+04	5.906e+03	48.80	55.60	7.99

500000.0	500000.0	1765899462.066361	7.976e+04	2.709e+04	4.143e+03	7.934e+04	8.200e+02	1.672e+04	5.924e+03	48.73	55.64	8.03

500000.0	500000.0	1765899463.1069245	7.956e+04	2.700e+04	4.127e+03	7.909e+04	8.293e+02	1.685e+04	5.937e+03	48.66	55.68	7.87

500000.0	500000.0	1765899464.0596004	7.940e+04	2.692e+04	4.182e+03	7.909e+04	8.399e+02	1.683e+04	5.951e+03	48.61	55.64	7.85

500000.0	500000.0	1765899465.1089408	7.915e+04	2.685e+04	4.254e+03	7.896e+04	8.472e+02	1.676e+04	5.962e+03	48.57	55.52	7.91

500000.0	500000.0	1765899466.062561	7.910e+04	2.680e+04	4.293e+03	7.909e+04	8.558e+02	1.675e+04	5.970e+03	48.53	55.64	7.81

500000.0	500000.0	1765899467.099654	7.920e+04	2.672e+04	4.299e+03	7.896e+04	8.672e+02	1.680e+04	5.983e+03	48.48	55.64	7.86

500000.0	500000.0	1765899468.0603905	7.935e+04	2.668e+04	4.282e+03	7.896e+04	8.772e+02	1.690e+04	5.992e+03	48.44	55.60	7.84

##########################################################_BOMBA_DESLIGADA_###########################################################
#####################################################_CICLO_FINALIZADO_4_DE_5_#####################################################
##########################################################_BOMBA_DESLIGADA_###########################################################
#####################################################_CICLO_FINALIZADO_4_DE_5_#####################################################
##########################################################_BOMBA_DESLIGADA_###########################################################
#####################################################_CICLO_FINALIZADO_4_DE_5_#####################################################
1	1	1765899482.0328383	9.428e+04	2.595e+04	2.999e+03	1.072e+05	1.267e+03	2.738e+04	6.156e+03	49.44	99.56	11.69

500000.0	1	1765899483.0445035	9.484e+04	2.583e+04	3.036e+03	1.072e+05	1.283e+03	2.811e+04	6.171e+03	49.48	99.48	11.80

500000.0	1	1765899484.045858	9.547e+04	2.575e+04	3.047e+03	1.078e+05	1.299e+03	2.877e+04	6.185e+03	49.52	99.52	11.77

#####################################################_CICLO_INICIADO_5_DE_5_#####################################################
#####################################################_CICLO_INICIADO_5_DE_5_#####################################################
#####################################################_CICLO_INICIADO_5_DE_5_#####################################################
############################################################_BOMBA_LIGADA_############################################################
############################################################_BOMBA_LIGADA_############################################################
############################################################_BOMBA_LIGADA_############################################################
1	500000.0	1765899493.061634	2.604e+04	3.511e+04	1.255e+04	9.356e+04	2.854e+02	4.583e+03	4.467e+03	49.81	69.97	9.51

500000.0	500000.0	1765899494.0361693	2.748e+04	3.641e+04	1.372e+04	9.200e+04	2.642e+02	4.092e+03	4.401e+03	49.84	69.89	9.41

500000.0	500000.0	1765899495.1040251	2.944e+04	3.688e+04	1.447e+04	9.099e+04	2.577e+02	3.891e+03	4.411e+03	49.88	70.01	9.39

500000.0	500000.0	1765899496.0343332	3.141e+04	3.688e+04	1.491e+04	9.083e+04	2.594e+02	3.837e+03	4.453e+03	49.92	69.89	9.35

500000.0	500000.0	1765899497.062256	3.332e+04	3.660e+04	1.512e+04	9.066e+04	2.648e+02	3.870e+03	4.509e+03	49.94	69.89	9.28

500000.0	500000.0	1765899498.030764	3.504e+04	3.622e+04	1.515e+04	9.017e+04	2.718e+02	3.951e+03	4.566e+03	49.96	69.93	9.20

500000.0	500000.0	1765899499.062115	3.664e+04	3.582e+04	1.508e+04	9.001e+04	2.795e+02	4.067e+03	4.622e+03	49.98	69.85	9.30

500000.0	500000.0	1765899500.0169296	3.806e+04	3.544e+04	1.494e+04	9.017e+04	2.872e+02	4.195e+03	4.675e+03	50.02	69.89	9.29

500000.0	500000.0	1765899501.0928535	3.944e+04	3.508e+04	1.476e+04	9.017e+04	2.955e+02	4.337e+03	4.724e+03	50.03	70.08	9.27

500000.0	500000.0	1765899502.025686	4.052e+04	3.474e+04	1.455e+04	9.050e+04	3.038e+02	4.482e+03	4.770e+03	50.05	69.97	9.36

500000.0	500000.0	1765899503.0639787	4.154e+04	3.444e+04	1.432e+04	9.083e+04	3.116e+02	4.633e+03	4.812e+03	50.05	69.89	9.27

500000.0	500000.0	1765899504.0257833	4.251e+04	3.415e+04	1.409e+04	9.066e+04	3.193e+02	4.781e+03	4.852e+03	50.05	70.16	9.41

500000.0	500000.0	1765899505.0596125	4.332e+04	3.388e+04	1.387e+04	9.116e+04	3.271e+02	4.927e+03	4.887e+03	50.06	70.24	9.36

500000.0	500000.0	1765899506.0186384	4.398e+04	3.369e+04	1.367e+04	9.116e+04	3.337e+02	5.055e+03	4.917e+03	50.06	70.05	9.40

500000.0	500000.0	1765899507.0637987	4.476e+04	3.348e+04	1.349e+04	9.133e+04	3.408e+02	5.182e+03	4.948e+03	50.07	69.93	9.48

500000.0	500000.0	1765899508.01542	4.522e+04	3.331e+04	1.333e+04	9.166e+04	3.468e+02	5.296e+03	4.974e+03	50.07	69.89	9.36

500000.0	500000.0	1765899509.0626454	4.570e+04	3.316e+04	1.317e+04	9.183e+04	3.528e+02	5.404e+03	4.997e+03	50.06	69.93	9.36

##########################################################_BOMBA_DESLIGADA_###########################################################
##########################################################_BOMBA_DESLIGADA_###########################################################
1	1	1765899513.0663414	5.469e+04	3.328e+04	1.165e+04	1.024e+05	3.878e+02	6.170e+03	5.054e+03	50.23	99.48	11.50

##########################################################_BOMBA_DESLIGADA_###########################################################
500000.0	1	1765899514.0051715	5.700e+04	3.304e+04	1.128e+04	1.051e+05	3.969e+02	6.421e+03	5.089e+03	50.23	99.56	11.60

500000.0	1	1765899515.0519605	5.896e+04	3.277e+04	1.092e+04	1.072e+05	4.054e+02	6.684e+03	5.121e+03	50.24	99.56	11.85

500000.0	1	1765899516.016253	6.040e+04	3.256e+04	1.058e+04	1.085e+05	4.139e+02	6.935e+03	5.149e+03	50.24	99.52	11.92

500000.0	1	1765899517.0656507	6.152e+04	3.236e+04	1.022e+04	1.097e+05	4.212e+02	7.200e+03	5.177e+03	50.24	99.56	11.93

500000.0	1	1765899517.9986768	6.247e+04	3.221e+04	9.890e+03	1.107e+05	4.292e+02	7.457e+03	5.203e+03	50.25	99.52	11.98

500000.0	1	1765899519.012313	6.324e+04	3.207e+04	9.563e+03	1.109e+05	4.365e+02	7.719e+03	5.227e+03	50.24	99.52	11.88

500000.0	1	1765899520.0086632	6.386e+04	3.196e+04	9.270e+03	1.112e+05	4.432e+02	7.966e+03	5.247e+03	50.25	99.56	11.85

500000.0	1	1765899521.027793	6.445e+04	3.186e+04	8.972e+03	1.117e+05	4.493e+02	8.213e+03	5.266e+03	50.25	99.52	11.93

500000.0	1	1765899522.0049791	6.495e+04	3.176e+04	8.713e+03	1.112e+05	4.549e+02	8.447e+03	5.283e+03	50.27	99.52	11.92

500000.0	1	1765899523.0071304	6.538e+04	3.168e+04	8.449e+03	1.112e+05	4.616e+02	8.692e+03	5.302e+03	50.26	99.52	11.99

500000.0	1	1765899524.0036128	6.578e+04	3.160e+04	8.217e+03	1.117e+05	4.672e+02	8.910e+03	5.317e+03	50.27	99.52	11.84

500000.0	1	1765899525.0173476	6.618e+04	3.151e+04	7.986e+03	1.112e+05	4.721e+02	9.136e+03	5.332e+03	50.29	99.44	11.89

500000.0	1	1765899525.9899147	6.640e+04	3.144e+04	7.799e+03	1.114e+05	4.782e+02	9.341e+03	5.346e+03	50.28	99.56	11.96

500000.0	1	1765899527.003379	6.681e+04	3.135e+04	7.601e+03	1.114e+05	4.832e+02	9.553e+03	5.362e+03	50.29	99.56	11.99

500000.0	1	1765899528.0023804	6.715e+04	3.128e+04	7.421e+03	1.109e+05	4.881e+02	9.749e+03	5.374e+03	50.30	99.52	11.84

500000.0	1	1765899529.002419	6.749e+04	3.121e+04	7.248e+03	1.104e+05	4.937e+02	9.953e+03	5.388e+03	50.30	99.52	11.83

500000.0	1	1765899530.0011487	6.783e+04	3.113e+04	7.105e+03	1.109e+05	4.986e+02	1.013e+04	5.402e+03	50.31	99.56	11.89

############################################################_BOMBA_LIGADA_############################################################
############################################################_BOMBA_LIGADA_############################################################
############################################################_BOMBA_LIGADA_############################################################
1	500000.0	1765899538.9944282	6.417e+04	2.949e+04	7.385e+03	9.626e+04	5.472e+02	1.059e+04	5.586e+03	49.91	55.95	9.81

500000.0	500000.0	1765899539.9890952	6.523e+04	2.915e+04	7.613e+03	8.888e+04	5.692e+02	1.046e+04	5.605e+03	49.71	55.72	9.03

500000.0	500000.0	1765899540.989565	6.692e+04	2.886e+04	7.529e+03	8.507e+04	5.956e+02	1.067e+04	5.639e+03	49.57	55.64	8.65

500000.0	500000.0	1765899542.001501	6.865e+04	2.860e+04	7.284e+03	8.266e+04	6.210e+02	1.106e+04	5.677e+03	49.46	55.52	8.45

500000.0	500000.0	1765899542.988652	7.005e+04	2.834e+04	6.987e+03	8.117e+04	6.452e+02	1.153e+04	5.715e+03	49.34	55.76	8.37

500000.0	500000.0	1765899543.9880836	7.188e+04	2.809e+04	6.609e+03	8.024e+04	6.759e+02	1.212e+04	5.752e+03	49.23	55.60	8.18

500000.0	500000.0	1765899544.9838407	7.330e+04	2.785e+04	6.194e+03	7.960e+04	7.062e+02	1.279e+04	5.790e+03	49.13	55.60	8.11

500000.0	500000.0	1765899545.9873602	7.460e+04	2.765e+04	5.766e+03	7.909e+04	7.354e+02	1.353e+04	5.822e+03	49.04	55.76	8.08

500000.0	500000.0	1765899546.9814954	7.566e+04	2.748e+04	5.370e+03	7.883e+04	7.582e+02	1.424e+04	5.853e+03	48.97	55.68	8.02

500000.0	500000.0	1765899548.0006123	7.641e+04	2.733e+04	5.040e+03	7.858e+04	7.805e+02	1.490e+04	5.881e+03	48.90	55.56	7.97

500000.0	500000.0	1765899548.9801748	7.732e+04	2.718e+04	4.724e+03	7.821e+04	8.061e+02	1.555e+04	5.906e+03	48.83	55.64	8.09

500000.0	500000.0	1765899549.9686167	7.786e+04	2.707e+04	4.455e+03	7.821e+04	8.266e+02	1.617e+04	5.928e+03	48.79	55.60	7.96

500000.0	500000.0	1765899550.9781556	7.850e+04	2.694e+04	4.215e+03	7.808e+04	8.492e+02	1.676e+04	5.952e+03	48.72	55.64	8.09

500000.0	500000.0	1765899551.99552	7.900e+04	2.684e+04	3.994e+03	7.821e+04	8.692e+02	1.730e+04	5.970e+03	48.66	55.64	7.94

500000.0	500000.0	1765899552.9774604	7.880e+04	2.679e+04	3.867e+03	7.796e+04	8.779e+02	1.767e+04	5.986e+03	48.58	55.60	8.02

500000.0	500000.0	1765899553.9839349	7.840e+04	2.675e+04	3.845e+03	7.784e+04	8.805e+02	1.780e+04	5.997e+03	48.55	55.60	7.92

500000.0	500000.0	1765899554.9758384	7.786e+04	2.671e+04	3.949e+03	7.784e+04	8.799e+02	1.761e+04	6.004e+03	48.53	55.60	7.97

##########################################################_BOMBA_DESLIGADA_###########################################################
#####################################################_CICLO_FINALIZADO_5_DE_5_#####################################################
##########################################################_BOMBA_DESLIGADA_###########################################################
#####################################################_CICLO_FINALIZADO_5_DE_5_#####################################################
##########################################################_BOMBA_DESLIGADA_###########################################################
#####################################################_CICLO_FINALIZADO_5_DE_5_#####################################################
