1	1	1759349040.1877654	1.456e+05	8.466e+03	6.003e+03	9.251e+04	3.430e+03	9.286e+04	7.611e+03	55.33	100.15	14.91

500000.0	1	1759349041.199788	1.457e+05	8.387e+03	6.003e+03	9.286e+04	3.440e+03	9.327e+04	7.614e+03	55.35	100.15	14.86

500000.0	1	1759349042.1935236	1.459e+05	8.330e+03	6.003e+03	9.251e+04	3.448e+03	9.389e+04	7.616e+03	55.33	100.19	14.99

#####################################################_CICLO_INICIADO_1_DE_10_#####################################################
############################################################_BOMBA_LIGADA_############################################################
1	500000.0	1759349048.1848516	1.253e+05	8.122e+03	6.003e+03	9.083e+04	3.402e+03	8.654e+04	7.594e+03	55.27	70.32	13.27

500000.0	500000.0	1759349049.1915705	1.007e+05	8.864e+03	6.003e+03	8.611e+04	3.087e+03	6.344e+04	7.461e+03	55.28	70.01	12.20

500000.0	500000.0	1759349050.1894631	9.042e+04	1.013e+04	6.003e+03	8.322e+04	2.790e+03	4.786e+04	7.297e+03	55.29	69.89	11.53

500000.0	500000.0	1759349051.189356	8.624e+04	1.437e+04	5.974e+03	8.117e+04	2.553e+03	3.893e+04	7.120e+03	55.29	70.24	11.30

500000.0	500000.0	1759349052.1793122	8.479e+04	1.575e+04	5.847e+03	8.051e+04	2.393e+03	3.398e+04	6.968e+03	55.29	70.28	11.16

500000.0	500000.0	1759349053.1853921	8.479e+04	1.697e+04	3.134e+03	7.985e+04	2.279e+03	3.095e+04	6.834e+03	55.29	69.97	10.96

500000.0	500000.0	1759349054.1931899	8.496e+04	1.799e+04	3.134e+03	7.934e+04	2.198e+03	2.909e+04	6.730e+03	55.29	69.89	10.70

500000.0	500000.0	1759349055.1834958	8.548e+04	1.881e+04	3.134e+03	7.934e+04	2.138e+03	2.788e+04	6.645e+03	55.28	70.12	10.68

500000.0	500000.0	1759349056.189516	8.606e+04	1.948e+04	3.134e+03	7.947e+04	2.091e+03	2.702e+04	6.576e+03	55.27	70.24	10.60

500000.0	500000.0	1759349057.1816366	8.647e+04	2.005e+04	3.134e+03	7.960e+04	2.055e+03	2.640e+04	6.519e+03	55.27	69.97	10.45

500000.0	500000.0	1759349058.1840882	8.695e+04	2.053e+04	3.134e+03	7.972e+04	2.028e+03	2.601e+04	6.474e+03	55.26	70.16	10.52

500000.0	500000.0	1759349059.179373	8.731e+04	2.094e+04	3.134e+03	8.011e+04	2.003e+03	2.574e+04	6.436e+03	55.25	70.01	10.45

500000.0	500000.0	1759349060.2006874	8.749e+04	2.130e+04	3.134e+03	8.024e+04	1.984e+03	2.546e+04	6.406e+03	55.24	69.89	10.30

500000.0	500000.0	1759349061.1777363	8.786e+04	2.161e+04	3.128e+03	8.064e+04	1.967e+03	2.528e+04	6.379e+03	55.23	70.01	10.38

500000.0	500000.0	1759349062.185039	8.798e+04	2.189e+04	3.118e+03	8.090e+04	1.953e+03	2.512e+04	6.355e+03	55.20	70.28	10.31

500000.0	500000.0	1759349063.1787617	8.822e+04	2.217e+04	3.112e+03	8.130e+04	1.942e+03	2.504e+04	6.336e+03	55.19	70.05	10.36

500000.0	500000.0	1759349064.1775026	8.834e+04	2.240e+04	3.112e+03	8.157e+04	1.932e+03	2.489e+04	6.319e+03	55.18	69.97	10.23

500000.0	500000.0	1759349065.177041	8.847e+04	2.261e+04	3.112e+03	8.197e+04	1.923e+03	2.481e+04	6.305e+03	55.16	70.01	10.27

500000.0	500000.0	1759349066.1825416	8.865e+04	2.280e+04	3.112e+03	8.225e+04	1.916e+03	2.475e+04	6.294e+03	55.16	70.28	10.26

500000.0	500000.0	1759349067.177836	8.884e+04	2.298e+04	3.112e+03	8.280e+04	1.910e+03	2.473e+04	6.283e+03	55.15	70.32	10.19

##########################################################_BOMBA_DESLIGADA_###########################################################
1	1	1759349070.192893	9.575e+04	2.367e+04	3.112e+03	8.686e+04	1.908e+03	2.520e+04	6.285e+03	55.32	100.11	12.05

500000.0	1	1759349071.1681046	9.951e+04	2.368e+04	3.112e+03	9.017e+04	1.928e+03	2.571e+04	6.308e+03	55.31	100.19	12.44

500000.0	1	1759349072.1942704	1.022e+05	2.366e+04	3.112e+03	9.234e+04	1.945e+03	2.614e+04	6.330e+03	55.30	100.15	12.56

500000.0	1	1759349073.1657631	1.039e+05	2.366e+04	3.112e+03	9.426e+04	1.958e+03	2.656e+04	6.350e+03	55.30	100.15	12.65

500000.0	1	1759349074.1920393	1.051e+05	2.366e+04	3.118e+03	9.516e+04	1.968e+03	2.698e+04	6.368e+03	55.29	100.22	12.72

500000.0	1	1759349075.1636465	1.062e+05	2.367e+04	3.128e+03	9.608e+04	1.980e+03	2.735e+04	6.385e+03	55.29	100.15	12.87

500000.0	1	1759349076.1841516	1.068e+05	2.367e+04	3.134e+03	9.701e+04	1.989e+03	2.776e+04	6.401e+03	55.29	100.19	12.75

500000.0	1	1759349077.161959	1.074e+05	2.368e+04	3.134e+03	9.757e+04	1.998e+03	2.813e+04	6.417e+03	55.29	100.19	12.81

500000.0	1	1759349078.1957903	1.080e+05	2.368e+04	3.134e+03	9.815e+04	2.005e+03	2.844e+04	6.433e+03	55.28	100.19	12.84

500000.0	1	1759349079.1599932	1.083e+05	2.368e+04	3.134e+03	9.873e+04	2.014e+03	2.875e+04	6.447e+03	55.28	100.15	12.85

500000.0	1	1759349080.1602697	1.089e+05	2.368e+04	3.134e+03	9.892e+04	2.021e+03	2.908e+04	6.460e+03	55.30	100.15	12.82

500000.0	1	1759349081.1609123	1.092e+05	2.367e+04	3.134e+03	9.912e+04	2.029e+03	2.938e+04	6.478e+03	55.29	100.15	12.88

500000.0	1	1759349082.1943827	1.097e+05	2.366e+04	3.134e+03	9.932e+04	2.036e+03	2.966e+04	6.489e+03	55.30	100.11	12.91

500000.0	1	1759349083.1554215	1.100e+05	2.363e+04	3.134e+03	9.951e+04	2.043e+03	2.997e+04	6.503e+03	55.30	100.22	12.95

500000.0	1	1759349084.1948304	1.104e+05	2.361e+04	3.134e+03	9.951e+04	2.050e+03	3.024e+04	6.518e+03	55.29	100.11	12.96

############################################################_BOMBA_LIGADA_############################################################
1	500000.0	1759349089.1529713	1.051e+05	2.314e+04	3.134e+03	9.645e+04	2.094e+03	3.153e+04	6.574e+03	54.90	56.97	10.93

500000.0	500000.0	1759349090.150078	1.016e+05	2.319e+04	3.134e+03	9.001e+04	2.063e+03	3.085e+04	6.544e+03	54.70	56.54	9.97

500000.0	500000.0	1759349091.1507585	1.001e+05	2.326e+04	3.134e+03	8.537e+04	2.036e+03	3.038e+04	6.518e+03	54.50	56.42	9.46

500000.0	500000.0	1759349092.186412	9.891e+04	2.331e+04	3.134e+03	8.308e+04	2.014e+03	3.008e+04	6.500e+03	54.36	56.30	9.13

500000.0	500000.0	1759349093.1454782	9.801e+04	2.337e+04	3.134e+03	8.143e+04	1.994e+03	2.976e+04	6.482e+03	54.18	56.26	9.12

500000.0	500000.0	1759349094.1988244	9.771e+04	2.340e+04	3.134e+03	8.037e+04	1.978e+03	2.956e+04	6.471e+03	54.07	56.38	8.92

500000.0	500000.0	1759349095.1434908	9.756e+04	2.343e+04	3.134e+03	7.985e+04	1.962e+03	2.940e+04	6.465e+03	53.96	56.38	8.90

500000.0	500000.0	1759349096.1939197	9.742e+04	2.345e+04	3.134e+03	7.934e+04	1.948e+03	2.923e+04	6.458e+03	53.85	56.30	8.88

500000.0	500000.0	1759349097.144454	9.727e+04	2.348e+04	3.134e+03	7.909e+04	1.934e+03	2.903e+04	6.454e+03	53.77	56.26	8.63

500000.0	500000.0	1759349098.1869075	9.712e+04	2.352e+04	3.134e+03	7.883e+04	1.921e+03	2.894e+04	6.449e+03	53.69	56.34	8.66

500000.0	500000.0	1759349099.142748	9.712e+04	2.352e+04	3.134e+03	7.883e+04	1.909e+03	2.880e+04	6.446e+03	53.60	56.30	8.67

500000.0	500000.0	1759349100.1869538	9.712e+04	2.355e+04	3.134e+03	7.883e+04	1.899e+03	2.872e+04	6.442e+03	53.53	56.34	8.65

500000.0	500000.0	1759349101.1413288	9.712e+04	2.358e+04	3.134e+03	7.858e+04	1.888e+03	2.860e+04	6.442e+03	53.45	56.34	8.68

500000.0	500000.0	1759349102.1845329	9.712e+04	2.361e+04	3.134e+03	7.846e+04	1.878e+03	2.857e+04	6.442e+03	53.41	56.23	8.69

500000.0	500000.0	1759349103.138856	9.698e+04	2.361e+04	3.134e+03	7.858e+04	1.870e+03	2.849e+04	6.438e+03	53.35	56.30	8.62

500000.0	500000.0	1759349104.1583438	9.712e+04	2.364e+04	3.134e+03	7.896e+04	1.862e+03	2.841e+04	6.438e+03	53.27	56.50	8.62

500000.0	500000.0	1759349105.1392107	9.698e+04	2.366e+04	3.134e+03	7.896e+04	1.853e+03	2.830e+04	6.436e+03	53.24	56.30	8.60

500000.0	500000.0	1759349106.193961	9.705e+04	2.367e+04	3.134e+03	7.921e+04	1.847e+03	2.821e+04	6.436e+03	53.18	56.38	8.54

500000.0	500000.0	1759349107.134537	9.720e+04	2.369e+04	3.134e+03	7.921e+04	1.840e+03	2.821e+04	6.434e+03	53.14	56.30	8.66

500000.0	500000.0	1759349108.1873991	9.727e+04	2.371e+04	3.134e+03	7.896e+04	1.834e+03	2.823e+04	6.434e+03	53.08	56.26	8.49

##########################################################_BOMBA_DESLIGADA_###########################################################
#####################################################_CICLO_FINALIZADO_1_DE_5_#####################################################
1	1	1759349132.1233213	1.181e+05	2.227e+04	3.134e+03	1.036e+05	2.108e+03	3.634e+04	6.785e+03	54.60	100.11	12.73

500000.0	1	1759349133.1091504	1.183e+05	2.217e+04	3.134e+03	1.032e+05	2.118e+03	3.668e+04	6.799e+03	54.63	100.11	12.77

500000.0	1	1759349134.106339	1.189e+05	2.206e+04	3.134e+03	1.034e+05	2.128e+03	3.698e+04	6.809e+03	54.66	100.19	12.83

#####################################################_CICLO_INICIADO_2_DE_10_#####################################################
############################################################_BOMBA_LIGADA_############################################################
1	500000.0	1759349139.103009	1.095e+05	2.141e+04	3.134e+03	1.034e+05	2.172e+03	3.805e+04	6.847e+03	54.71	70.59	11.85

500000.0	500000.0	1759349140.102607	9.625e+04	2.165e+04	3.134e+03	9.815e+04	2.087e+03	3.541e+04	6.765e+03	54.73	69.81	10.96

500000.0	500000.0	1759349141.1011696	8.959e+04	2.217e+04	3.134e+03	9.480e+04	1.991e+03	3.235e+04	6.658e+03	54.77	69.85	10.61

500000.0	500000.0	1759349142.1636436	8.642e+04	2.277e+04	3.134e+03	9.251e+04	1.912e+03	2.992e+04	6.560e+03	54.79	70.08	10.56

500000.0	500000.0	1759349143.0986516	8.519e+04	2.326e+04	3.134e+03	9.116e+04	1.861e+03	2.825e+04	6.482e+03	54.82	70.12	10.63

500000.0	500000.0	1759349144.0998256	8.479e+04	2.369e+04	3.134e+03	9.033e+04	1.827e+03	2.711e+04	6.422e+03	54.84	69.89	10.46

500000.0	500000.0	1759349145.096896	8.485e+04	2.400e+04	3.123e+03	8.968e+04	1.807e+03	2.642e+04	6.374e+03	54.85	69.85	10.51

500000.0	500000.0	1759349146.1003115	8.502e+04	2.427e+04	3.112e+03	8.936e+04	1.794e+03	2.591e+04	6.336e+03	54.85	70.12	10.43

500000.0	500000.0	1759349147.0947886	8.536e+04	2.446e+04	3.112e+03	8.952e+04	1.788e+03	2.559e+04	6.306e+03	54.85	69.89	10.49

500000.0	500000.0	1759349148.093569	8.577e+04	2.463e+04	3.112e+03	8.936e+04	1.785e+03	2.536e+04	6.283e+03	54.86	70.12	10.38

500000.0	500000.0	1759349149.0930963	8.589e+04	2.473e+04	3.101e+03	8.920e+04	1.784e+03	2.521e+04	6.264e+03	54.88	69.93	10.32

500000.0	500000.0	1759349150.1022003	8.618e+04	2.485e+04	3.090e+03	8.920e+04	1.783e+03	2.511e+04	6.249e+03	54.88	70.16	10.43

500000.0	500000.0	1759349151.091051	8.659e+04	2.495e+04	3.090e+03	8.952e+04	1.784e+03	2.504e+04	6.235e+03	54.86	70.05	10.43

500000.0	500000.0	1759349152.1035092	8.671e+04	2.504e+04	3.080e+03	8.968e+04	1.786e+03	2.498e+04	6.224e+03	54.88	70.05	10.39

500000.0	500000.0	1759349153.0890667	8.695e+04	2.509e+04	3.074e+03	8.968e+04	1.787e+03	2.495e+04	6.215e+03	54.88	70.24	10.39

500000.0	500000.0	1759349154.1053426	8.701e+04	2.518e+04	3.069e+03	9.001e+04	1.790e+03	2.491e+04	6.207e+03	54.88	70.05	10.35

500000.0	500000.0	1759349155.088384	8.731e+04	2.524e+04	3.069e+03	9.033e+04	1.792e+03	2.485e+04	6.199e+03	54.87	69.97	10.25

500000.0	500000.0	1759349156.10504	8.737e+04	2.529e+04	3.063e+03	9.050e+04	1.795e+03	2.479e+04	6.193e+03	54.86	69.97	10.26

500000.0	500000.0	1759349157.0832102	8.743e+04	2.535e+04	3.058e+03	9.083e+04	1.796e+03	2.477e+04	6.188e+03	54.85	70.05	10.25

500000.0	500000.0	1759349158.104377	8.743e+04	2.540e+04	3.058e+03	9.099e+04	1.799e+03	2.475e+04	6.184e+03	54.86	70.08	10.32

##########################################################_BOMBA_DESLIGADA_###########################################################
1	1	1759349161.0812995	9.305e+04	2.580e+04	3.058e+03	9.408e+04	1.814e+03	2.512e+04	6.190e+03	55.08	100.15	11.96

500000.0	1	1759349162.104663	9.727e+04	2.569e+04	3.080e+03	9.777e+04	1.841e+03	2.566e+04	6.221e+03	55.05	100.15	12.60

500000.0	1	1759349163.0790865	1.001e+05	2.558e+04	3.090e+03	1.001e+05	1.861e+03	2.609e+04	6.244e+03	55.05	100.19	12.75

500000.0	1	1759349164.100619	1.024e+05	2.547e+04	3.101e+03	1.019e+05	1.881e+03	2.650e+04	6.267e+03	55.05	100.15	12.87

500000.0	1	1759349165.0772266	1.036e+05	2.538e+04	3.107e+03	1.030e+05	1.896e+03	2.682e+04	6.289e+03	55.05	100.19	12.80

500000.0	1	1759349166.0998213	1.045e+05	2.530e+04	3.112e+03	1.047e+05	1.912e+03	2.718e+04	6.311e+03	55.05	100.15	12.89

500000.0	1	1759349167.075065	1.055e+05	2.526e+04	3.112e+03	1.051e+05	1.924e+03	2.761e+04	6.328e+03	55.05	100.19	12.81

500000.0	1	1759349168.0973766	1.060e+05	2.519e+04	3.112e+03	1.056e+05	1.935e+03	2.794e+04	6.347e+03	55.06	100.15	12.86

500000.0	1	1759349169.0731633	1.067e+05	2.513e+04	3.112e+03	1.063e+05	1.946e+03	2.830e+04	6.363e+03	55.08	100.19	12.92

500000.0	1	1759349170.1012144	1.072e+05	2.507e+04	3.123e+03	1.063e+05	1.956e+03	2.860e+04	6.380e+03	55.08	100.19	12.82

500000.0	1	1759349171.0681922	1.075e+05	2.502e+04	3.128e+03	1.069e+05	1.965e+03	2.891e+04	6.395e+03	55.08	100.15	12.90

500000.0	1	1759349172.103412	1.083e+05	2.495e+04	3.134e+03	1.065e+05	1.975e+03	2.925e+04	6.412e+03	55.09	100.19	12.98

500000.0	1	1759349173.0688715	1.086e+05	2.488e+04	3.134e+03	1.069e+05	1.983e+03	2.953e+04	6.426e+03	55.10	100.11	13.05

500000.0	1	1759349174.1012895	1.091e+05	2.481e+04	3.134e+03	1.072e+05	1.992e+03	2.981e+04	6.442e+03	55.09	100.22	12.92

500000.0	1	1759349175.0641031	1.096e+05	2.473e+04	3.134e+03	1.069e+05	1.999e+03	3.009e+04	6.458e+03	55.10	100.15	12.99

############################################################_BOMBA_LIGADA_############################################################
1	500000.0	1759349180.0987756	1.059e+05	2.405e+04	3.134e+03	1.054e+05	2.059e+03	3.145e+04	6.529e+03	54.79	57.83	11.30

500000.0	500000.0	1759349181.06093	1.019e+05	2.409e+04	3.134e+03	9.796e+04	2.028e+03	3.094e+04	6.508e+03	54.55	56.46	10.05

500000.0	500000.0	1759349182.1010149	9.959e+04	2.412e+04	3.134e+03	9.234e+04	1.999e+03	3.026e+04	6.478e+03	54.39	56.34	9.47

500000.0	500000.0	1759349183.0450883	9.861e+04	2.416e+04	3.134e+03	8.936e+04	1.976e+03	2.997e+04	6.457e+03	54.22	56.26	9.11

500000.0	500000.0	1759349184.103763	9.764e+04	2.419e+04	3.134e+03	8.732e+04	1.956e+03	2.968e+04	6.439e+03	54.10	56.38	9.06

500000.0	500000.0	1759349185.0570858	9.727e+04	2.420e+04	3.134e+03	8.611e+04	1.940e+03	2.945e+04	6.430e+03	53.99	56.38	9.03

500000.0	500000.0	1759349186.0984387	9.698e+04	2.420e+04	3.134e+03	8.493e+04	1.923e+03	2.925e+04	6.420e+03	53.86	56.34	8.96

500000.0	500000.0	1759349187.0518095	9.698e+04	2.422e+04	3.134e+03	8.449e+04	1.911e+03	2.901e+04	6.414e+03	53.76	56.34	8.69

500000.0	500000.0	1759349188.1016252	9.676e+04	2.424e+04	3.134e+03	8.392e+04	1.897e+03	2.886e+04	6.409e+03	53.62	56.26	8.80

500000.0	500000.0	1759349189.0536468	9.669e+04	2.423e+04	3.134e+03	8.378e+04	1.885e+03	2.869e+04	6.404e+03	53.55	56.34	8.84

500000.0	500000.0	1759349190.056854	9.647e+04	2.425e+04	3.128e+03	8.322e+04	1.872e+03	2.860e+04	6.401e+03	53.47	56.30	8.64

500000.0	500000.0	1759349191.0482004	9.647e+04	2.425e+04	3.134e+03	8.336e+04	1.864e+03	2.851e+04	6.398e+03	53.39	56.26	8.61

500000.0	500000.0	1759349192.0969138	9.633e+04	2.427e+04	3.128e+03	8.322e+04	1.852e+03	2.841e+04	6.396e+03	53.33	56.26	8.75

500000.0	500000.0	1759349193.0426724	9.647e+04	2.428e+04	3.128e+03	8.294e+04	1.844e+03	2.829e+04	6.395e+03	53.28	56.42	8.57

500000.0	500000.0	1759349194.1024485	9.640e+04	2.428e+04	3.128e+03	8.294e+04	1.836e+03	2.822e+04	6.395e+03	53.23	56.34	8.62

500000.0	500000.0	1759349195.046105	9.647e+04	2.428e+04	3.128e+03	8.280e+04	1.828e+03	2.816e+04	6.393e+03	53.19	56.38	8.52

500000.0	500000.0	1759349196.0536232	9.640e+04	2.429e+04	3.128e+03	8.308e+04	1.820e+03	2.807e+04	6.392e+03	53.14	56.26	8.60

500000.0	500000.0	1759349197.0452325	9.640e+04	2.429e+04	3.128e+03	8.308e+04	1.815e+03	2.805e+04	6.392e+03	53.10	56.38	8.63

500000.0	500000.0	1759349198.1153846	9.633e+04	2.430e+04	3.128e+03	8.322e+04	1.809e+03	2.806e+04	6.390e+03	53.06	56.26	8.64

500000.0	500000.0	1759349199.0397253	9.654e+04	2.431e+04	3.128e+03	8.322e+04	1.804e+03	2.800e+04	6.390e+03	53.01	56.23	8.47

500000.0	500000.0	1759349200.1062443	9.647e+04	2.430e+04	3.128e+03	8.322e+04	1.796e+03	2.794e+04	6.388e+03	52.96	56.15	8.54

##########################################################_BOMBA_DESLIGADA_###########################################################
#####################################################_CICLO_FINALIZADO_2_DE_5_#####################################################
1	1	1759349223.019194	1.176e+05	2.264e+04	3.134e+03	1.074e+05	2.079e+03	3.582e+04	6.740e+03	54.50	100.11	12.72

500000.0	1	1759349224.1040514	1.180e+05	2.253e+04	3.134e+03	1.074e+05	2.088e+03	3.608e+04	6.752e+03	54.53	100.15	12.90

500000.0	1	1759349225.0122368	1.185e+05	2.241e+04	3.134e+03	1.074e+05	2.097e+03	3.638e+04	6.765e+03	54.57	100.15	12.74

#####################################################_CICLO_INICIADO_3_DE_10_#####################################################
############################################################_BOMBA_LIGADA_############################################################
1	500000.0	1759349231.0113144	9.831e+04	2.187e+04	3.134e+03	1.028e+05	2.083e+03	3.560e+04	6.745e+03	54.64	69.66	11.19

500000.0	500000.0	1759349232.0199144	9.074e+04	2.235e+04	3.134e+03	9.834e+04	1.990e+03	3.272e+04	6.641e+03	54.64	70.01	10.86

500000.0	500000.0	1759349232.9988556	8.695e+04	2.290e+04	3.134e+03	9.608e+04	1.916e+03	3.034e+04	6.548e+03	54.66	69.85	10.81

500000.0	500000.0	1759349234.0305686	8.531e+04	2.343e+04	3.134e+03	9.426e+04	1.862e+03	2.867e+04	6.463e+03	54.71	69.66	10.75

500000.0	500000.0	1759349235.0036552	8.462e+04	2.385e+04	3.134e+03	9.303e+04	1.829e+03	2.750e+04	6.403e+03	54.71	69.77	10.66

500000.0	500000.0	1759349236.0472775	8.450e+04	2.420e+04	3.112e+03	9.217e+04	1.808e+03	2.666e+04	6.352e+03	54.73	69.73	10.82

500000.0	500000.0	1759349237.0023549	8.450e+04	2.447e+04	3.112e+03	9.166e+04	1.793e+03	2.610e+04	6.311e+03	54.74	69.73	10.64

500000.0	500000.0	1759349238.0024285	8.473e+04	2.469e+04	3.112e+03	9.150e+04	1.784e+03	2.570e+04	6.277e+03	54.77	69.73	10.71

500000.0	500000.0	1759349238.9904912	8.502e+04	2.486e+04	3.090e+03	9.133e+04	1.780e+03	2.544e+04	6.253e+03	54.77	69.73	10.59

500000.0	500000.0	1759349239.999086	8.525e+04	2.500e+04	3.085e+03	9.150e+04	1.779e+03	2.524e+04	6.233e+03	54.77	70.08	10.51

500000.0	500000.0	1759349240.99875	8.560e+04	2.511e+04	3.074e+03	9.133e+04	1.778e+03	2.504e+04	6.218e+03	54.79	69.73	10.46

500000.0	500000.0	1759349241.9989998	8.589e+04	2.520e+04	3.069e+03	9.150e+04	1.778e+03	2.494e+04	6.205e+03	54.77	69.97	10.66

500000.0	500000.0	1759349242.9971762	8.624e+04	2.528e+04	3.063e+03	9.166e+04	1.780e+03	2.483e+04	6.193e+03	54.77	69.89	10.68

500000.0	500000.0	1759349244.0409439	8.630e+04	2.534e+04	3.058e+03	9.200e+04	1.782e+03	2.478e+04	6.184e+03	54.75	69.85	10.51

500000.0	500000.0	1759349244.994327	8.677e+04	2.541e+04	3.047e+03	9.217e+04	1.784e+03	2.477e+04	6.176e+03	54.75	69.85	10.55

500000.0	500000.0	1759349246.0051548	8.707e+04	2.546e+04	3.047e+03	9.251e+04	1.786e+03	2.470e+04	6.171e+03	54.73	70.01	10.60

500000.0	500000.0	1759349246.9997492	8.707e+04	2.551e+04	3.047e+03	9.234e+04	1.788e+03	2.470e+04	6.167e+03	54.72	70.12	10.36

500000.0	500000.0	1759349247.9920142	8.743e+04	2.555e+04	3.036e+03	9.269e+04	1.792e+03	2.461e+04	6.162e+03	54.73	69.89	10.47

500000.0	500000.0	1759349248.9822502	8.749e+04	2.558e+04	3.036e+03	9.303e+04	1.795e+03	2.462e+04	6.161e+03	54.74	69.89	10.33

500000.0	500000.0	1759349249.9910226	8.761e+04	2.562e+04	3.036e+03	9.321e+04	1.797e+03	2.456e+04	6.158e+03	54.74	69.97	10.44

##########################################################_BOMBA_DESLIGADA_###########################################################
1	1	1759349251.986818	8.978e+04	2.598e+04	3.031e+03	9.391e+04	1.792e+03	2.461e+04	6.150e+03	54.97	100.11	11.70

500000.0	1	1759349252.9860423	9.449e+04	2.593e+04	3.053e+03	9.777e+04	1.822e+03	2.524e+04	6.182e+03	54.95	100.15	12.66

500000.0	1	1759349253.99005	9.816e+04	2.582e+04	3.074e+03	1.009e+05	1.846e+03	2.569e+04	6.212e+03	54.94	100.19	12.96

500000.0	1	1759349254.9916182	1.008e+05	2.568e+04	3.090e+03	1.026e+05	1.866e+03	2.610e+04	6.236e+03	54.93	100.15	13.10

500000.0	1	1759349255.9833379	1.027e+05	2.556e+04	3.096e+03	1.047e+05	1.885e+03	2.648e+04	6.263e+03	54.94	100.11	13.17

500000.0	1	1759349256.9952533	1.040e+05	2.547e+04	3.107e+03	1.054e+05	1.899e+03	2.686e+04	6.285e+03	54.94	100.15	13.19

500000.0	1	1759349257.984185	1.050e+05	2.539e+04	3.112e+03	1.067e+05	1.914e+03	2.726e+04	6.308e+03	54.93	100.22	13.15

500000.0	1	1759349258.9945834	1.058e+05	2.530e+04	3.112e+03	1.076e+05	1.927e+03	2.763e+04	6.324e+03	54.96	100.19	13.17

500000.0	1	1759349259.97997	1.064e+05	2.525e+04	3.112e+03	1.081e+05	1.937e+03	2.798e+04	6.343e+03	54.94	100.15	13.15

500000.0	1	1759349260.9730723	1.071e+05	2.518e+04	3.112e+03	1.083e+05	1.949e+03	2.828e+04	6.361e+03	54.97	100.22	13.22

500000.0	1	1759349261.9801185	1.073e+05	2.510e+04	3.118e+03	1.093e+05	1.959e+03	2.859e+04	6.373e+03	55.00	100.11	13.30

500000.0	1	1759349262.9835439	1.079e+05	2.503e+04	3.128e+03	1.090e+05	1.967e+03	2.888e+04	6.395e+03	54.97	100.15	13.23

500000.0	1	1759349263.978643	1.081e+05	2.496e+04	3.134e+03	1.093e+05	1.979e+03	2.914e+04	6.407e+03	55.01	100.07	13.30

500000.0	1	1759349264.9943123	1.090e+05	2.487e+04	3.134e+03	1.097e+05	1.986e+03	2.949e+04	6.423e+03	55.00	100.19	13.27

500000.0	1	1759349265.9767723	1.093e+05	2.481e+04	3.134e+03	1.095e+05	1.995e+03	2.973e+04	6.439e+03	55.01	100.15	13.22

############################################################_BOMBA_LIGADA_############################################################
1	500000.0	1759349271.9703355	1.037e+05	2.405e+04	3.134e+03	1.036e+05	2.041e+03	3.089e+04	6.510e+03	54.62	56.73	10.60

500000.0	500000.0	1759349272.99181	1.006e+05	2.412e+04	3.134e+03	9.682e+04	2.009e+03	3.027e+04	6.481e+03	54.44	56.46	9.79

500000.0	500000.0	1759349273.9646726	9.868e+04	2.415e+04	3.134e+03	9.251e+04	1.981e+03	2.977e+04	6.458e+03	54.24	56.46	9.28

500000.0	500000.0	1759349274.986332	9.786e+04	2.421e+04	3.134e+03	8.968e+04	1.958e+03	2.944e+04	6.438e+03	54.11	56.38	9.21

500000.0	500000.0	1759349275.962743	9.727e+04	2.424e+04	3.134e+03	8.825e+04	1.939e+03	2.913e+04	6.423e+03	54.00	56.23	9.11

500000.0	500000.0	1759349276.9862373	9.654e+04	2.425e+04	3.134e+03	8.732e+04	1.922e+03	2.886e+04	6.409e+03	53.90	56.26	9.21

500000.0	500000.0	1759349277.9649305	9.611e+04	2.427e+04	3.134e+03	8.626e+04	1.907e+03	2.866e+04	6.403e+03	53.81	56.19	9.02

500000.0	500000.0	1759349278.9909449	9.625e+04	2.428e+04	3.134e+03	8.551e+04	1.890e+03	2.851e+04	6.399e+03	53.69	56.30	8.99

500000.0	500000.0	1759349279.959692	9.611e+04	2.429e+04	3.128e+03	8.507e+04	1.877e+03	2.836e+04	6.393e+03	53.62	56.19	8.94

500000.0	500000.0	1759349280.9810727	9.633e+04	2.429e+04	3.128e+03	8.493e+04	1.865e+03	2.823e+04	6.392e+03	53.51	56.46	8.94

500000.0	500000.0	1759349281.9594545	9.625e+04	2.430e+04	3.123e+03	8.449e+04	1.854e+03	2.810e+04	6.387e+03	53.46	56.42	8.87

500000.0	500000.0	1759349282.996036	9.597e+04	2.429e+04	3.123e+03	8.493e+04	1.847e+03	2.795e+04	6.384e+03	53.44	56.30	8.95

500000.0	500000.0	1759349283.9584591	9.597e+04	2.430e+04	3.123e+03	8.449e+04	1.836e+03	2.792e+04	6.382e+03	53.34	56.42	8.97

500000.0	500000.0	1759349285.005246	9.611e+04	2.429e+04	3.118e+03	8.478e+04	1.827e+03	2.780e+04	6.380e+03	53.30	56.42	8.93

500000.0	500000.0	1759349285.9568892	9.611e+04	2.431e+04	3.123e+03	8.464e+04	1.819e+03	2.780e+04	6.379e+03	53.22	56.38	8.87

500000.0	500000.0	1759349286.990415	9.611e+04	2.430e+04	3.123e+03	8.435e+04	1.811e+03	2.774e+04	6.380e+03	53.15	56.30	8.85

500000.0	500000.0	1759349287.9512877	9.590e+04	2.431e+04	3.123e+03	8.478e+04	1.805e+03	2.766e+04	6.379e+03	53.12	56.34	8.83

500000.0	500000.0	1759349288.9962585	9.597e+04	2.433e+04	3.123e+03	8.449e+04	1.799e+03	2.764e+04	6.377e+03	53.09	56.34	8.90

500000.0	500000.0	1759349289.9490776	9.625e+04	2.433e+04	3.123e+03	8.449e+04	1.792e+03	2.759e+04	6.377e+03	53.02	56.54	8.81

500000.0	500000.0	1759349290.9931784	9.618e+04	2.434e+04	3.123e+03	8.435e+04	1.786e+03	2.756e+04	6.377e+03	52.96	56.30	8.86

##########################################################_BOMBA_DESLIGADA_###########################################################
#####################################################_CICLO_FINALIZADO_3_DE_5_#####################################################
1	1	1759349314.9824574	1.173e+05	2.254e+04	3.134e+03	1.088e+05	2.073e+03	3.555e+04	6.737e+03	54.49	100.15	12.89

500000.0	1	1759349315.926252	1.178e+05	2.243e+04	3.134e+03	1.085e+05	2.082e+03	3.588e+04	6.749e+03	54.52	100.15	12.79

500000.0	1	1759349316.994831	1.179e+05	2.232e+04	3.134e+03	1.083e+05	2.090e+03	3.619e+04	6.762e+03	54.55	100.11	12.84

#####################################################_CICLO_INICIADO_4_DE_10_#####################################################
############################################################_BOMBA_LIGADA_############################################################
1	500000.0	1759349321.920643	1.077e+05	2.164e+04	3.134e+03	1.069e+05	2.128e+03	3.700e+04	6.797e+03	54.56	70.40	11.84

500000.0	500000.0	1759349322.9940615	9.568e+04	2.190e+04	3.134e+03	1.021e+05	2.050e+03	3.459e+04	6.712e+03	54.60	69.85	11.10

500000.0	500000.0	1759349323.9187455	8.965e+04	2.241e+04	3.134e+03	9.815e+04	1.966e+03	3.200e+04	6.615e+03	54.60	69.69	10.91

500000.0	500000.0	1759349324.9928963	8.665e+04	2.297e+04	3.134e+03	9.682e+04	1.901e+03	2.985e+04	6.519e+03	54.67	69.77	10.86

500000.0	500000.0	1759349325.9169154	8.519e+04	2.344e+04	3.134e+03	9.498e+04	1.858e+03	2.841e+04	6.449e+03	54.69	69.97	10.93

500000.0	500000.0	1759349326.960696	8.479e+04	2.383e+04	3.128e+03	9.462e+04	1.832e+03	2.745e+04	6.388e+03	54.71	69.85	10.83

500000.0	500000.0	1759349327.9143436	8.490e+04	2.414e+04	3.112e+03	9.356e+04	1.814e+03	2.679e+04	6.347e+03	54.69	69.85	10.86

500000.0	500000.0	1759349328.9126043	8.490e+04	2.440e+04	3.112e+03	9.321e+04	1.804e+03	2.630e+04	6.310e+03	54.72	70.08	10.81

500000.0	500000.0	1759349329.9087856	8.525e+04	2.458e+04	3.112e+03	9.269e+04	1.800e+03	2.600e+04	6.281e+03	54.72	70.24	10.84

500000.0	500000.0	1759349330.9846396	8.542e+04	2.473e+04	3.096e+03	9.234e+04	1.796e+03	2.576e+04	6.260e+03	54.71	69.93	10.71

500000.0	500000.0	1759349331.9100554	8.577e+04	2.488e+04	3.090e+03	9.234e+04	1.796e+03	2.563e+04	6.243e+03	54.69	70.16	10.75

500000.0	500000.0	1759349332.9077687	8.606e+04	2.498e+04	3.080e+03	9.286e+04	1.796e+03	2.549e+04	6.224e+03	54.73	70.05	10.68

500000.0	500000.0	1759349333.911069	8.618e+04	2.507e+04	3.074e+03	9.286e+04	1.797e+03	2.542e+04	6.210e+03	54.74	70.08	10.75

500000.0	500000.0	1759349334.9540238	8.618e+04	2.515e+04	3.069e+03	9.286e+04	1.800e+03	2.530e+04	6.199e+03	54.74	70.20	10.63

500000.0	500000.0	1759349335.9051208	8.636e+04	2.523e+04	3.058e+03	9.269e+04	1.801e+03	2.519e+04	6.188e+03	54.77	69.85	10.67

500000.0	500000.0	1759349336.9023476	8.695e+04	2.530e+04	3.058e+03	9.269e+04	1.803e+03	2.518e+04	6.184e+03	54.70	70.16	10.47

500000.0	500000.0	1759349337.904271	8.665e+04	2.536e+04	3.047e+03	9.303e+04	1.806e+03	2.515e+04	6.178e+03	54.74	69.85	10.64

500000.0	500000.0	1759349338.899551	8.707e+04	2.541e+04	3.042e+03	9.356e+04	1.808e+03	2.508e+04	6.171e+03	54.73	69.97	10.62

500000.0	500000.0	1759349339.901463	8.731e+04	2.546e+04	3.042e+03	9.338e+04	1.810e+03	2.504e+04	6.167e+03	54.72	70.16	10.50

500000.0	500000.0	1759349340.8980393	8.725e+04	2.551e+04	3.036e+03	9.356e+04	1.813e+03	2.498e+04	6.162e+03	54.73	69.81	10.48

##########################################################_BOMBA_DESLIGADA_###########################################################
1	1	1759349343.8984811	9.292e+04	2.589e+04	3.047e+03	9.701e+04	1.828e+03	2.542e+04	6.171e+03	54.93	100.11	12.38

500000.0	1	1759349344.8994403	9.705e+04	2.578e+04	3.069e+03	1.005e+05	1.853e+03	2.590e+04	6.201e+03	54.90	100.11	12.96

500000.0	1	1759349345.8971171	9.967e+04	2.566e+04	3.085e+03	1.032e+05	1.874e+03	2.630e+04	6.225e+03	54.93	100.07	13.14

500000.0	1	1759349346.899607	1.016e+05	2.554e+04	3.090e+03	1.049e+05	1.895e+03	2.669e+04	6.249e+03	54.91	100.15	12.99

500000.0	1	1759349347.8908136	1.032e+05	2.545e+04	3.107e+03	1.060e+05	1.909e+03	2.708e+04	6.272e+03	54.93	100.22	13.15

500000.0	1	1759349348.8814502	1.042e+05	2.537e+04	3.112e+03	1.074e+05	1.923e+03	2.745e+04	6.292e+03	54.94	100.07	13.09

500000.0	1	1759349349.8891592	1.051e+05	2.531e+04	3.112e+03	1.076e+05	1.934e+03	2.783e+04	6.314e+03	54.89	100.11	13.06

500000.0	1	1759349350.8962379	1.061e+05	2.524e+04	3.112e+03	1.083e+05	1.948e+03	2.817e+04	6.332e+03	54.94	100.11	13.10

500000.0	1	1759349351.8910706	1.062e+05	2.519e+04	3.112e+03	1.093e+05	1.958e+03	2.845e+04	6.346e+03	54.97	100.07	13.16

500000.0	1	1759349352.9019604	1.070e+05	2.511e+04	3.112e+03	1.097e+05	1.967e+03	2.881e+04	6.361e+03	54.96	100.11	13.23

500000.0	1	1759349353.8855226	1.073e+05	2.506e+04	3.123e+03	1.088e+05	1.977e+03	2.914e+04	6.382e+03	54.94	100.15	13.26

500000.0	1	1759349354.8977935	1.077e+05	2.497e+04	3.134e+03	1.100e+05	1.986e+03	2.939e+04	6.396e+03	54.97	100.19	13.27

500000.0	1	1759349355.8842888	1.080e+05	2.490e+04	3.134e+03	1.100e+05	1.994e+03	2.968e+04	6.412e+03	54.97	100.11	13.25

500000.0	1	1759349356.90211	1.087e+05	2.483e+04	3.134e+03	1.102e+05	2.004e+03	2.993e+04	6.428e+03	54.98	100.15	13.09

500000.0	1	1759349357.8844619	1.093e+05	2.475e+04	3.134e+03	1.093e+05	2.011e+03	3.021e+04	6.439e+03	54.98	100.19	13.23

############################################################_BOMBA_LIGADA_############################################################
1	500000.0	1759349362.889838	1.091e+05	2.405e+04	3.134e+03	1.109e+05	2.084e+03	3.184e+04	6.529e+03	54.75	61.30	12.40

500000.0	500000.0	1759349363.8782625	1.034e+05	2.402e+04	3.134e+03	1.038e+05	2.054e+03	3.135e+04	6.511e+03	54.56	56.81	10.71

500000.0	500000.0	1759349364.8897839	9.990e+04	2.410e+04	3.134e+03	9.645e+04	2.019e+03	3.056e+04	6.479e+03	54.36	56.26	9.84

500000.0	500000.0	1759349365.8736048	9.846e+04	2.417e+04	3.134e+03	9.251e+04	1.991e+03	3.004e+04	6.452e+03	54.23	56.42	9.51

500000.0	500000.0	1759349366.9001088	9.720e+04	2.423e+04	3.134e+03	8.968e+04	1.965e+03	2.960e+04	6.431e+03	54.09	56.26	9.10

500000.0	500000.0	1759349367.872945	9.669e+04	2.427e+04	3.134e+03	8.825e+04	1.945e+03	2.932e+04	6.415e+03	53.96	56.30	8.99

500000.0	500000.0	1759349368.8995435	9.611e+04	2.430e+04	3.134e+03	8.732e+04	1.925e+03	2.903e+04	6.401e+03	53.83	56.26	8.92

500000.0	500000.0	1759349369.8723369	9.590e+04	2.431e+04	3.128e+03	8.626e+04	1.909e+03	2.880e+04	6.393e+03	53.73	56.34	8.88

500000.0	500000.0	1759349370.9034207	9.554e+04	2.434e+04	3.128e+03	8.581e+04	1.894e+03	2.861e+04	6.385e+03	53.64	56.26	8.80

500000.0	500000.0	1759349371.868713	9.575e+04	2.434e+04	3.123e+03	8.522e+04	1.879e+03	2.843e+04	6.377e+03	53.55	56.46	8.81

500000.0	500000.0	1759349372.8658068	9.533e+04	2.436e+04	3.118e+03	8.537e+04	1.868e+03	2.824e+04	6.374e+03	53.48	56.38	8.95

500000.0	500000.0	1759349373.868005	9.561e+04	2.438e+04	3.118e+03	8.478e+04	1.855e+03	2.815e+04	6.371e+03	53.38	56.23	8.69

500000.0	500000.0	1759349374.8980238	9.554e+04	2.439e+04	3.112e+03	8.478e+04	1.844e+03	2.800e+04	6.368e+03	53.34	56.34	8.75

500000.0	500000.0	1759349375.8656492	9.547e+04	2.441e+04	3.112e+03	8.435e+04	1.835e+03	2.795e+04	6.368e+03	53.21	56.50	8.70

500000.0	500000.0	1759349376.903102	9.547e+04	2.442e+04	3.112e+03	8.435e+04	1.826e+03	2.787e+04	6.366e+03	53.15	56.38	8.76

500000.0	500000.0	1759349377.8631845	9.540e+04	2.443e+04	3.112e+03	8.449e+04	1.816e+03	2.782e+04	6.365e+03	53.12	56.30	8.72

500000.0	500000.0	1759349378.9024093	9.547e+04	2.441e+04	3.112e+03	8.464e+04	1.810e+03	2.772e+04	6.358e+03	53.12	56.26	8.72

500000.0	500000.0	1759349379.86451	9.547e+04	2.442e+04	3.112e+03	8.464e+04	1.804e+03	2.770e+04	6.357e+03	53.09	56.26	8.68

500000.0	500000.0	1759349380.8921165	9.540e+04	2.444e+04	3.112e+03	8.449e+04	1.797e+03	2.762e+04	6.358e+03	53.05	56.46	8.72

500000.0	500000.0	1759349381.860081	9.554e+04	2.445e+04	3.112e+03	8.435e+04	1.791e+03	2.764e+04	6.360e+03	52.98	56.23	8.65

500000.0	500000.0	1759349382.9036007	9.561e+04	2.446e+04	3.112e+03	8.449e+04	1.784e+03	2.759e+04	6.361e+03	52.91	56.42	8.64

##########################################################_BOMBA_DESLIGADA_###########################################################
#####################################################_CICLO_FINALIZADO_4_DE_5_#####################################################
1	1	1759349405.8347118	1.167e+05	2.275e+04	3.134e+03	1.088e+05	2.063e+03	3.525e+04	6.709e+03	54.46	100.11	12.86

500000.0	1	1759349406.8566854	1.173e+05	2.264e+04	3.134e+03	1.081e+05	2.069e+03	3.564e+04	6.724e+03	54.44	100.15	12.89

500000.0	1	1759349407.8347712	1.174e+05	2.252e+04	3.134e+03	1.088e+05	2.080e+03	3.580e+04	6.734e+03	54.51	100.15	13.05

#####################################################_CICLO_INICIADO_5_DE_10_#####################################################
############################################################_BOMBA_LIGADA_############################################################
1	500000.0	1759349413.824093	1.010e+05	2.187e+04	3.134e+03	1.045e+05	2.089e+03	3.575e+04	6.740e+03	54.53	69.77	11.28

500000.0	500000.0	1759349414.906334	9.251e+04	2.225e+04	3.134e+03	9.991e+04	2.008e+03	3.321e+04	6.651e+03	54.57	69.38	10.91

500000.0	500000.0	1759349415.8201025	8.841e+04	2.276e+04	3.134e+03	9.701e+04	1.937e+03	3.097e+04	6.558e+03	54.59	69.50	10.72

500000.0	500000.0	1759349416.8558402	8.606e+04	2.326e+04	3.134e+03	9.534e+04	1.885e+03	2.928e+04	6.479e+03	54.61	69.66	10.63

500000.0	500000.0	1759349417.8122354	8.542e+04	2.368e+04	3.134e+03	9.408e+04	1.851e+03	2.812e+04	6.415e+03	54.60	69.58	10.80

500000.0	500000.0	1759349418.8970919	8.531e+04	2.403e+04	3.112e+03	9.338e+04	1.830e+03	2.730e+04	6.365e+03	54.60	69.69	10.65

500000.0	500000.0	1759349419.8220003	8.525e+04	2.430e+04	3.112e+03	9.251e+04	1.817e+03	2.681e+04	6.328e+03	54.60	69.81	10.67

500000.0	500000.0	1759349420.9045029	8.536e+04	2.450e+04	3.112e+03	9.251e+04	1.809e+03	2.640e+04	6.292e+03	54.64	69.73	10.78

500000.0	500000.0	1759349421.8194911	8.542e+04	2.468e+04	3.101e+03	9.217e+04	1.807e+03	2.619e+04	6.271e+03	54.63	69.66	10.57

500000.0	500000.0	1759349422.9069877	8.560e+04	2.482e+04	3.090e+03	9.234e+04	1.806e+03	2.596e+04	6.249e+03	54.66	69.42	10.62

500000.0	500000.0	1759349423.8166702	8.612e+04	2.492e+04	3.085e+03	9.217e+04	1.805e+03	2.587e+04	6.233e+03	54.65	69.50	10.51

500000.0	500000.0	1759349424.904987	8.642e+04	2.502e+04	3.074e+03	9.251e+04	1.807e+03	2.576e+04	6.218e+03	54.68	69.46	10.54

500000.0	500000.0	1759349425.8148046	8.618e+04	2.510e+04	3.069e+03	9.234e+04	1.810e+03	2.568e+04	6.208e+03	54.67	69.38	10.48

500000.0	500000.0	1759349426.9194345	8.677e+04	2.518e+04	3.063e+03	9.217e+04	1.809e+03	2.566e+04	6.199e+03	54.64	69.50	10.41

500000.0	500000.0	1759349427.814671	8.719e+04	2.524e+04	3.058e+03	9.234e+04	1.812e+03	2.558e+04	6.193e+03	54.63	69.50	10.37

500000.0	500000.0	1759349428.8508377	8.713e+04	2.529e+04	3.058e+03	9.269e+04	1.815e+03	2.552e+04	6.184e+03	54.65	69.46	10.41

500000.0	500000.0	1759349429.803509	8.731e+04	2.534e+04	3.053e+03	9.286e+04	1.816e+03	2.549e+04	6.179e+03	54.64	69.77	10.37

500000.0	500000.0	1759349430.9020336	8.743e+04	2.540e+04	3.047e+03	9.303e+04	1.819e+03	2.545e+04	6.176e+03	54.63	69.46	10.37

500000.0	500000.0	1759349431.7959726	8.737e+04	2.544e+04	3.047e+03	9.356e+04	1.824e+03	2.542e+04	6.170e+03	54.65	69.46	10.42

500000.0	500000.0	1759349432.851472	8.755e+04	2.547e+04	3.042e+03	9.356e+04	1.825e+03	2.536e+04	6.167e+03	54.65	69.46	10.23

##########################################################_BOMBA_DESLIGADA_###########################################################
1	1	1759349434.806643	9.100e+04	2.585e+04	3.047e+03	9.516e+04	1.828e+03	2.547e+04	6.164e+03	54.88	100.07	11.91

500000.0	1	1759349435.8048174	9.540e+04	2.578e+04	3.058e+03	9.815e+04	1.853e+03	2.615e+04	6.196e+03	54.81	100.11	12.72

500000.0	1	1759349436.8198037	9.861e+04	2.564e+04	3.080e+03	1.015e+05	1.879e+03	2.661e+04	6.224e+03	54.84	100.07	13.00

500000.0	1	1759349437.7914796	1.007e+05	2.554e+04	3.090e+03	1.043e+05	1.899e+03	2.699e+04	6.247e+03	54.87	100.11	13.14

500000.0	1	1759349438.8027442	1.027e+05	2.542e+04	3.096e+03	1.058e+05	1.916e+03	2.741e+04	6.271e+03	54.87	100.15	13.20

500000.0	1	1759349439.7993472	1.040e+05	2.533e+04	3.112e+03	1.069e+05	1.930e+03	2.777e+04	6.291e+03	54.86	100.19	13.17

500000.0	1	1759349440.844323	1.045e+05	2.528e+04	3.112e+03	1.074e+05	1.943e+03	2.813e+04	6.310e+03	54.88	100.19	13.30

500000.0	1	1759349441.7861168	1.054e+05	2.521e+04	3.112e+03	1.081e+05	1.956e+03	2.841e+04	6.328e+03	54.89	100.11	13.28

500000.0	1	1759349442.814646	1.061e+05	2.514e+04	3.112e+03	1.081e+05	1.965e+03	2.884e+04	6.350e+03	54.86	100.15	13.15

500000.0	1	1759349443.7902584	1.064e+05	2.506e+04	3.112e+03	1.090e+05	1.976e+03	2.904e+04	6.363e+03	54.91	100.07	13.33

500000.0	1	1759349444.7965195	1.070e+05	2.500e+04	3.123e+03	1.093e+05	1.987e+03	2.932e+04	6.379e+03	54.93	100.15	13.22

500000.0	1	1759349445.7954662	1.081e+05	2.491e+04	3.134e+03	1.095e+05	1.995e+03	2.968e+04	6.392e+03	54.90	100.07	13.09

500000.0	1	1759349446.7923691	1.085e+05	2.485e+04	3.134e+03	1.090e+05	2.003e+03	3.000e+04	6.414e+03	54.88	100.15	13.23

500000.0	1	1759349447.7970715	1.089e+05	2.477e+04	3.134e+03	1.090e+05	2.011e+03	3.027e+04	6.430e+03	54.89	100.22	13.37

500000.0	1	1759349448.7913992	1.092e+05	2.470e+04	3.134e+03	1.090e+05	2.020e+03	3.053e+04	6.446e+03	54.91	100.11	13.11

############################################################_BOMBA_LIGADA_############################################################
1	500000.0	1759349454.7896821	1.043e+05	2.395e+04	3.134e+03	1.051e+05	2.071e+03	3.181e+04	6.518e+03	54.55	57.08	10.97

500000.0	500000.0	1759349455.7800932	1.003e+05	2.403e+04	3.134e+03	9.757e+04	2.034e+03	3.107e+04	6.489e+03	54.37	56.54	9.76

500000.0	500000.0	1759349456.7822134	9.831e+04	2.411e+04	3.134e+03	9.303e+04	2.004e+03	3.041e+04	6.460e+03	54.20	56.54	9.28

500000.0	500000.0	1759349457.7946868	9.720e+04	2.419e+04	3.134e+03	9.033e+04	1.977e+03	2.990e+04	6.433e+03	54.06	56.54	9.07

500000.0	500000.0	1759349458.7835348	9.647e+04	2.424e+04	3.134e+03	8.857e+04	1.954e+03	2.951e+04	6.415e+03	53.94	56.50	9.21

500000.0	500000.0	1759349459.7835257	9.604e+04	2.429e+04	3.134e+03	8.732e+04	1.934e+03	2.917e+04	6.401e+03	53.82	56.46	8.90

500000.0	500000.0	1759349460.7785332	9.568e+04	2.430e+04	3.128e+03	8.641e+04	1.916e+03	2.888e+04	6.392e+03	53.71	56.30	8.80

500000.0	500000.0	1759349461.8209445	9.533e+04	2.432e+04	3.123e+03	8.566e+04	1.899e+03	2.867e+04	6.382e+03	53.61	56.38	8.91

500000.0	500000.0	1759349462.7763295	9.512e+04	2.435e+04	3.123e+03	8.551e+04	1.887e+03	2.846e+04	6.374e+03	53.56	56.34	8.93

500000.0	500000.0	1759349463.7839713	9.540e+04	2.437e+04	3.118e+03	8.478e+04	1.872e+03	2.833e+04	6.369e+03	53.43	56.50	8.79

500000.0	500000.0	1759349464.774191	9.512e+04	2.438e+04	3.112e+03	8.464e+04	1.859e+03	2.817e+04	6.368e+03	53.37	56.34	8.78

500000.0	500000.0	1759349465.7902284	9.526e+04	2.440e+04	3.112e+03	8.464e+04	1.848e+03	2.811e+04	6.365e+03	53.29	56.42	8.85

500000.0	500000.0	1759349466.772532	9.491e+04	2.441e+04	3.112e+03	8.449e+04	1.838e+03	2.802e+04	6.360e+03	53.20	56.54	8.81

500000.0	500000.0	1759349467.782839	9.526e+04	2.442e+04	3.112e+03	8.435e+04	1.829e+03	2.783e+04	6.360e+03	53.15	56.42	8.86

500000.0	500000.0	1759349468.770322	9.498e+04	2.443e+04	3.112e+03	8.406e+04	1.820e+03	2.773e+04	6.357e+03	53.10	56.30	8.80

500000.0	500000.0	1759349469.7914395	9.512e+04	2.443e+04	3.112e+03	8.449e+04	1.813e+03	2.766e+04	6.355e+03	53.10	56.23	8.65

500000.0	500000.0	1759349470.768418	9.512e+04	2.444e+04	3.112e+03	8.493e+04	1.807e+03	2.764e+04	6.352e+03	53.07	56.38	8.78

500000.0	500000.0	1759349471.7980063	9.526e+04	2.446e+04	3.112e+03	8.421e+04	1.797e+03	2.770e+04	6.355e+03	52.95	56.34	8.70

500000.0	500000.0	1759349472.7663748	9.519e+04	2.446e+04	3.112e+03	8.478e+04	1.792e+03	2.761e+04	6.349e+03	52.95	56.30	8.65

500000.0	500000.0	1759349473.7677357	9.540e+04	2.446e+04	3.112e+03	8.435e+04	1.786e+03	2.761e+04	6.352e+03	52.87	56.54	8.77

##########################################################_BOMBA_DESLIGADA_###########################################################
#####################################################_CICLO_FINALIZADO_5_DE_5_#####################################################
#####################################################_CICLO_INICIADO_6_DE_10_#####################################################
############################################################_BOMBA_LIGADA_############################################################
1	500000.0	1759349549.692738	1.169e+05	1.712e+04	5.980e+03	9.971e+04	2.565e+03	5.242e+04	7.210e+03	55.04	69.81	12.06

500000.0	500000.0	1759349550.6914911	9.876e+04	1.756e+04	5.956e+03	9.552e+04	2.401e+03	4.475e+04	7.087e+03	55.11	69.30	11.18

500000.0	500000.0	1759349551.7032082	9.042e+04	1.849e+04	5.783e+03	9.133e+04	2.215e+03	3.753e+04	6.936e+03	55.09	69.30	10.78

500000.0	500000.0	1759349552.690957	8.761e+04	1.943e+04	3.134e+03	8.904e+04	2.087e+03	3.288e+04	6.800e+03	55.08	69.58	10.45

500000.0	500000.0	1759349553.7031786	8.653e+04	2.032e+04	3.134e+03	8.778e+04	1.995e+03	2.978e+04	6.679e+03	55.06	69.62	10.30

500000.0	500000.0	1759349554.6876934	8.630e+04	2.100e+04	3.134e+03	8.717e+04	1.940e+03	2.801e+04	6.589e+03	55.05	69.46	10.22

500000.0	500000.0	1759349555.6992102	8.653e+04	2.159e+04	3.134e+03	8.701e+04	1.900e+03	2.682e+04	6.515e+03	55.04	69.46	10.26

500000.0	500000.0	1759349556.6860583	8.689e+04	2.201e+04	3.134e+03	8.641e+04	1.875e+03	2.604e+04	6.458e+03	55.04	69.46	10.17

500000.0	500000.0	1759349557.7028203	8.719e+04	2.240e+04	3.134e+03	8.596e+04	1.856e+03	2.549e+04	6.414e+03	55.02	69.34	10.06

500000.0	500000.0	1759349558.6841574	8.743e+04	2.268e+04	3.134e+03	8.611e+04	1.843e+03	2.514e+04	6.377e+03	55.03	69.46	10.03

500000.0	500000.0	1759349559.7050822	8.786e+04	2.293e+04	3.118e+03	8.626e+04	1.832e+03	2.494e+04	6.346e+03	55.01	69.30	10.03

500000.0	500000.0	1759349560.6820774	8.798e+04	2.314e+04	3.112e+03	8.641e+04	1.825e+03	2.477e+04	6.322e+03	55.00	69.34	9.99

500000.0	500000.0	1759349561.7017727	8.822e+04	2.332e+04	3.112e+03	8.671e+04	1.818e+03	2.466e+04	6.302e+03	54.99	69.26	10.05

500000.0	500000.0	1759349562.6763742	8.853e+04	2.348e+04	3.112e+03	8.701e+04	1.813e+03	2.453e+04	6.286e+03	54.98	69.58	10.11

500000.0	500000.0	1759349563.7019649	8.865e+04	2.363e+04	3.112e+03	8.717e+04	1.810e+03	2.445e+04	6.272e+03	54.97	69.30	9.92

500000.0	500000.0	1759349564.6778636	8.890e+04	2.375e+04	3.101e+03	8.732e+04	1.807e+03	2.440e+04	6.261e+03	54.96	69.58	10.07

500000.0	500000.0	1759349565.70335	8.903e+04	2.387e+04	3.096e+03	8.763e+04	1.804e+03	2.438e+04	6.249e+03	54.95	69.54	9.88

500000.0	500000.0	1759349566.6759357	8.915e+04	2.399e+04	3.090e+03	8.763e+04	1.801e+03	2.432e+04	6.241e+03	54.93	69.46	10.06

500000.0	500000.0	1759349567.7021244	8.915e+04	2.410e+04	3.090e+03	8.794e+04	1.800e+03	2.429e+04	6.233e+03	54.93	69.42	9.94

500000.0	500000.0	1759349568.6741269	8.915e+04	2.419e+04	3.090e+03	8.857e+04	1.798e+03	2.430e+04	6.225e+03	54.91	69.34	9.91

##########################################################_BOMBA_DESLIGADA_###########################################################
1	1	1759349571.7039979	9.305e+04	2.474e+04	3.080e+03	9.066e+04	1.794e+03	2.453e+04	6.216e+03	55.11	100.15	11.48

500000.0	1	1759349572.66982	9.705e+04	2.473e+04	3.090e+03	9.408e+04	1.820e+03	2.512e+04	6.241e+03	55.10	100.11	12.13

500000.0	1	1759349573.702394	1.006e+05	2.464e+04	3.101e+03	9.738e+04	1.844e+03	2.563e+04	6.266e+03	55.09	100.15	12.52

500000.0	1	1759349574.6658223	1.027e+05	2.457e+04	3.112e+03	9.951e+04	1.861e+03	2.612e+04	6.288e+03	55.10	100.19	12.48

500000.0	1	1759349575.7050335	1.044e+05	2.449e+04	3.112e+03	1.011e+05	1.879e+03	2.660e+04	6.308e+03	55.10	100.11	12.59

500000.0	1	1759349576.6661122	1.056e+05	2.445e+04	3.112e+03	1.021e+05	1.893e+03	2.694e+04	6.328e+03	55.11	100.15	12.55

500000.0	1	1759349577.703259	1.064e+05	2.441e+04	3.112e+03	1.032e+05	1.907e+03	2.734e+04	6.347e+03	55.11	100.11	12.61

500000.0	1	1759349578.6638114	1.072e+05	2.437e+04	3.112e+03	1.036e+05	1.917e+03	2.773e+04	6.363e+03	55.11	100.11	12.80

500000.0	1	1759349579.7048674	1.076e+05	2.433e+04	3.123e+03	1.047e+05	1.928e+03	2.813e+04	6.380e+03	55.12	100.15	12.68

500000.0	1	1759349580.6622155	1.083e+05	2.430e+04	3.134e+03	1.049e+05	1.939e+03	2.838e+04	6.396e+03	55.12	100.19	12.62

500000.0	1	1759349581.7048614	1.088e+05	2.426e+04	3.134e+03	1.051e+05	1.948e+03	2.875e+04	6.412e+03	55.13	100.15	12.71

500000.0	1	1759349582.6578174	1.094e+05	2.421e+04	3.134e+03	1.054e+05	1.957e+03	2.899e+04	6.426e+03	55.13	100.15	12.81

500000.0	1	1759349583.694472	1.098e+05	2.415e+04	3.134e+03	1.054e+05	1.966e+03	2.935e+04	6.442e+03	55.12	100.19	12.73

500000.0	1	1759349584.6565475	1.102e+05	2.412e+04	3.134e+03	1.056e+05	1.974e+03	2.962e+04	6.457e+03	55.13	100.19	12.75

500000.0	1	1759349585.70264	1.108e+05	2.404e+04	3.134e+03	1.056e+05	1.982e+03	2.993e+04	6.473e+03	55.14	100.11	12.73

############################################################_BOMBA_LIGADA_############################################################
1	500000.0	1759349591.7005424	1.029e+05	2.351e+04	3.134e+03	9.777e+04	2.012e+03	3.060e+04	6.519e+03	54.65	56.42	9.95

500000.0	500000.0	1759349592.637336	1.004e+05	2.360e+04	3.134e+03	9.251e+04	1.985e+03	2.998e+04	6.489e+03	54.46	56.30	9.44

500000.0	500000.0	1759349593.6562965	9.838e+04	2.370e+04	3.134e+03	8.888e+04	1.961e+03	2.952e+04	6.460e+03	54.33	56.42	9.13

500000.0	500000.0	1759349594.6461864	9.756e+04	2.378e+04	3.134e+03	8.701e+04	1.945e+03	2.921e+04	6.441e+03	54.21	56.34	8.95

500000.0	500000.0	1759349595.6500816	9.669e+04	2.383e+04	3.134e+03	8.566e+04	1.926e+03	2.893e+04	6.423e+03	54.07	56.26	8.81

500000.0	500000.0	1759349596.6328776	9.625e+04	2.387e+04	3.134e+03	8.478e+04	1.911e+03	2.874e+04	6.415e+03	53.96	56.34	8.84

500000.0	500000.0	1759349597.6560018	9.618e+04	2.391e+04	3.134e+03	8.378e+04	1.897e+03	2.854e+04	6.406e+03	53.84	56.50	8.92

500000.0	500000.0	1759349598.6366687	9.590e+04	2.395e+04	3.128e+03	8.322e+04	1.885e+03	2.835e+04	6.398e+03	53.77	56.19	8.88

500000.0	500000.0	1759349599.6776254	9.590e+04	2.397e+04	3.128e+03	8.308e+04	1.873e+03	2.827e+04	6.393e+03	53.70	56.34	8.74

500000.0	500000.0	1759349600.6382184	9.590e+04	2.399e+04	3.128e+03	8.266e+04	1.862e+03	2.813e+04	6.390e+03	53.58	56.34	8.68

500000.0	500000.0	1759349601.701274	9.590e+04	2.401e+04	3.123e+03	8.294e+04	1.852e+03	2.799e+04	6.384e+03	53.53	56.50	8.76

500000.0	500000.0	1759349602.6405094	9.568e+04	2.404e+04	3.123e+03	8.266e+04	1.842e+03	2.794e+04	6.380e+03	53.46	56.30	8.77

500000.0	500000.0	1759349603.7066245	9.568e+04	2.406e+04	3.123e+03	8.266e+04	1.833e+03	2.788e+04	6.380e+03	53.38	56.34	8.79

500000.0	500000.0	1759349604.6241097	9.554e+04	2.407e+04	3.123e+03	8.252e+04	1.826e+03	2.783e+04	6.376e+03	53.33	56.26	8.75

500000.0	500000.0	1759349605.7102854	9.561e+04	2.409e+04	3.123e+03	8.266e+04	1.818e+03	2.779e+04	6.376e+03	53.29	56.38	8.74

500000.0	500000.0	1759349606.6324725	9.561e+04	2.411e+04	3.123e+03	8.266e+04	1.811e+03	2.779e+04	6.376e+03	53.22	56.38	8.80

500000.0	500000.0	1759349607.6748037	9.554e+04	2.412e+04	3.123e+03	8.266e+04	1.804e+03	2.773e+04	6.374e+03	53.17	56.30	8.80

500000.0	500000.0	1759349608.6299675	9.568e+04	2.412e+04	3.123e+03	8.280e+04	1.800e+03	2.772e+04	6.374e+03	53.14	56.30	8.69

500000.0	500000.0	1759349609.655136	9.554e+04	2.415e+04	3.123e+03	8.280e+04	1.792e+03	2.766e+04	6.374e+03	53.09	56.42	8.71

500000.0	500000.0	1759349610.6174273	9.554e+04	2.416e+04	3.123e+03	8.308e+04	1.788e+03	2.766e+04	6.373e+03	53.06	56.34	8.77

##########################################################_BOMBA_DESLIGADA_###########################################################
#####################################################_CICLO_FINALIZADO_1_DE_5_#####################################################
1	1	1759349633.6081922	1.164e+05	2.262e+04	3.134e+03	1.074e+05	2.068e+03	3.543e+04	6.722e+03	54.55	100.07	12.69

500000.0	1	1759349634.6052904	1.170e+05	2.252e+04	3.134e+03	1.074e+05	2.077e+03	3.573e+04	6.735e+03	54.60	100.19	12.85

500000.0	1	1759349635.615176	1.175e+05	2.241e+04	3.134e+03	1.069e+05	2.085e+03	3.597e+04	6.749e+03	54.60	100.19	12.89

#####################################################_CICLO_INICIADO_7_DE_10_#####################################################
############################################################_BOMBA_LIGADA_############################################################
1	500000.0	1759349641.651732	9.898e+04	2.173e+04	3.134e+03	1.041e+05	2.080e+03	3.604e+04	6.759e+03	54.69	69.89	11.26

500000.0	500000.0	1759349642.5859568	8.786e+04	2.215e+04	3.134e+03	9.991e+04	1.929e+03	3.237e+04	6.650e+03	54.71	70.08	10.75

500000.0	500000.0	1759349643.6422634	8.294e+04	2.281e+04	3.134e+03	9.608e+04	1.786e+03	2.881e+04	6.531e+03	54.71	69.85	10.67

500000.0	500000.0	1759349644.5958846	8.116e+04	2.338e+04	3.134e+03	9.516e+04	1.705e+03	2.638e+04	6.434e+03	54.78	70.01	10.60

500000.0	500000.0	1759349645.595466	8.064e+04	2.390e+04	3.128e+03	9.373e+04	1.657e+03	2.486e+04	6.358e+03	54.79	69.97	10.50

500000.0	500000.0	1759349646.5965545	8.111e+04	2.428e+04	3.112e+03	9.217e+04	1.634e+03	2.408e+04	6.310e+03	54.74	69.97	10.55

500000.0	500000.0	1759349647.5938048	8.154e+04	2.454e+04	3.112e+03	9.269e+04	1.627e+03	2.352e+04	6.264e+03	54.82	69.77	10.54

500000.0	500000.0	1759349648.5973332	8.223e+04	2.475e+04	3.101e+03	9.200e+04	1.627e+03	2.336e+04	6.236e+03	54.81	69.77	10.59

500000.0	500000.0	1759349649.591444	8.261e+04	2.490e+04	3.090e+03	9.183e+04	1.632e+03	2.325e+04	6.213e+03	54.82	69.85	10.44

500000.0	500000.0	1759349650.5806842	8.316e+04	2.503e+04	3.074e+03	9.166e+04	1.640e+03	2.330e+04	6.198e+03	54.81	69.85	10.37

500000.0	500000.0	1759349651.5888371	8.383e+04	2.513e+04	3.069e+03	9.166e+04	1.648e+03	2.334e+04	6.184e+03	54.82	69.97	10.36

500000.0	500000.0	1759349652.5902815	8.416e+04	2.521e+04	3.058e+03	9.183e+04	1.655e+03	2.339e+04	6.175e+03	54.84	69.89	10.33

500000.0	500000.0	1759349653.5854461	8.462e+04	2.527e+04	3.047e+03	9.200e+04	1.664e+03	2.345e+04	6.165e+03	54.83	69.89	10.24

500000.0	500000.0	1759349654.5836623	8.513e+04	2.533e+04	3.047e+03	9.166e+04	1.672e+03	2.351e+04	6.156e+03	54.84	69.73	10.25

500000.0	500000.0	1759349655.5837789	8.531e+04	2.539e+04	3.036e+03	9.200e+04	1.678e+03	2.361e+04	6.153e+03	54.83	69.69	10.10

500000.0	500000.0	1759349656.5901556	8.565e+04	2.544e+04	3.036e+03	9.217e+04	1.685e+03	2.362e+04	6.148e+03	54.83	69.81	10.19

500000.0	500000.0	1759349657.5816548	8.595e+04	2.548e+04	3.036e+03	9.234e+04	1.690e+03	2.365e+04	6.144e+03	54.83	69.81	10.19

500000.0	500000.0	1759349658.5935545	8.595e+04	2.553e+04	3.020e+03	9.286e+04	1.696e+03	2.370e+04	6.141e+03	54.81	69.85	10.12

500000.0	500000.0	1759349659.579494	8.618e+04	2.556e+04	3.009e+03	9.269e+04	1.701e+03	2.371e+04	6.138e+03	54.84	69.89	10.10

500000.0	500000.0	1759349660.5947957	8.642e+04	2.559e+04	2.999e+03	9.321e+04	1.708e+03	2.373e+04	6.133e+03	54.82	70.08	10.17

##########################################################_BOMBA_DESLIGADA_###########################################################
1	1	1759349663.579213	9.172e+04	2.597e+04	3.026e+03	9.571e+04	1.728e+03	2.422e+04	6.145e+03	55.00	100.19	11.99

500000.0	1	1759349664.595058	9.575e+04	2.586e+04	3.047e+03	9.971e+04	1.757e+03	2.485e+04	6.173e+03	55.00	100.19	12.46

500000.0	1	1759349665.5778315	9.891e+04	2.577e+04	3.069e+03	1.024e+05	1.783e+03	2.537e+04	6.201e+03	55.01	100.07	12.76

500000.0	1	1759349666.598692	1.011e+05	2.563e+04	3.080e+03	1.041e+05	1.803e+03	2.579e+04	6.227e+03	54.98	100.11	12.78

500000.0	1	1759349667.5750651	1.026e+05	2.554e+04	3.090e+03	1.058e+05	1.822e+03	2.620e+04	6.249e+03	55.00	100.11	12.90

500000.0	1	1759349668.5776784	1.040e+05	2.546e+04	3.101e+03	1.065e+05	1.837e+03	2.663e+04	6.269e+03	54.98	100.11	12.82

500000.0	1	1759349669.5696356	1.047e+05	2.538e+04	3.112e+03	1.076e+05	1.852e+03	2.698e+04	6.289e+03	55.00	100.15	12.77

500000.0	1	1759349670.5931044	1.053e+05	2.530e+04	3.112e+03	1.072e+05	1.865e+03	2.735e+04	6.308e+03	55.00	100.11	12.85

500000.0	1	1759349671.5680346	1.061e+05	2.525e+04	3.112e+03	1.081e+05	1.877e+03	2.769e+04	6.327e+03	54.99	100.11	12.75

500000.0	1	1759349672.5958004	1.061e+05	2.518e+04	3.112e+03	1.088e+05	1.888e+03	2.800e+04	6.344e+03	55.01	100.26	12.91

500000.0	1	1759349673.5657969	1.070e+05	2.511e+04	3.112e+03	1.093e+05	1.901e+03	2.828e+04	6.357e+03	55.06	100.22	12.93

500000.0	1	1759349674.5678132	1.075e+05	2.504e+04	3.118e+03	1.093e+05	1.908e+03	2.857e+04	6.374e+03	55.04	100.15	12.85

500000.0	1	1759349675.5638642	1.075e+05	2.497e+04	3.128e+03	1.090e+05	1.917e+03	2.889e+04	6.393e+03	55.03	100.07	12.86

500000.0	1	1759349676.5879507	1.083e+05	2.488e+04	3.134e+03	1.097e+05	1.929e+03	2.910e+04	6.404e+03	55.09	100.19	12.86

500000.0	1	1759349677.5613804	1.088e+05	2.483e+04	3.134e+03	1.097e+05	1.939e+03	2.943e+04	6.417e+03	55.09	100.19	12.85

############################################################_BOMBA_LIGADA_############################################################
1	500000.0	1759349682.5780134	1.062e+05	2.412e+04	3.134e+03	1.090e+05	2.003e+03	3.085e+04	6.500e+03	54.78	58.72	11.34

500000.0	500000.0	1759349683.555386	1.012e+05	2.415e+04	3.134e+03	1.007e+05	1.971e+03	3.019e+04	6.474e+03	54.55	56.50	9.95

500000.0	500000.0	1759349684.5780687	9.898e+04	2.423e+04	3.134e+03	9.480e+04	1.946e+03	2.961e+04	6.446e+03	54.38	56.30	9.35

500000.0	500000.0	1759349685.5563776	9.749e+04	2.428e+04	3.134e+03	9.133e+04	1.926e+03	2.921e+04	6.422e+03	54.24	56.23	9.05

500000.0	500000.0	1759349686.5964422	9.640e+04	2.432e+04	3.134e+03	8.936e+04	1.911e+03	2.895e+04	6.404e+03	54.10	56.23	9.00

500000.0	500000.0	1759349687.5517602	9.625e+04	2.435e+04	3.128e+03	8.763e+04	1.895e+03	2.875e+04	6.392e+03	53.97	56.34	8.81

500000.0	500000.0	1759349688.589278	9.575e+04	2.438e+04	3.123e+03	8.701e+04	1.883e+03	2.854e+04	6.380e+03	53.88	56.23	8.76

500000.0	500000.0	1759349689.5531685	9.554e+04	2.439e+04	3.118e+03	8.566e+04	1.869e+03	2.839e+04	6.377e+03	53.78	56.34	8.70

500000.0	500000.0	1759349690.5738678	9.533e+04	2.440e+04	3.118e+03	8.596e+04	1.860e+03	2.821e+04	6.368e+03	53.75	56.30	8.83

500000.0	500000.0	1759349691.5480394	9.519e+04	2.441e+04	3.112e+03	8.551e+04	1.848e+03	2.805e+04	6.365e+03	53.65	56.26	8.86

500000.0	500000.0	1759349692.5949714	9.547e+04	2.443e+04	3.112e+03	8.478e+04	1.839e+03	2.795e+04	6.363e+03	53.52	56.42	8.70

500000.0	500000.0	1759349693.5459461	9.519e+04	2.443e+04	3.112e+03	8.449e+04	1.828e+03	2.789e+04	6.361e+03	53.43	56.30	8.72

500000.0	500000.0	1759349694.5868943	9.498e+04	2.444e+04	3.112e+03	8.435e+04	1.820e+03	2.774e+04	6.360e+03	53.40	56.30	8.76

500000.0	500000.0	1759349695.5471394	9.491e+04	2.445e+04	3.112e+03	8.449e+04	1.812e+03	2.759e+04	6.354e+03	53.35	56.11	8.69

500000.0	500000.0	1759349696.5972126	9.519e+04	2.446e+04	3.112e+03	8.421e+04	1.804e+03	2.757e+04	6.355e+03	53.24	56.19	8.63

500000.0	500000.0	1759349697.5443637	9.512e+04	2.445e+04	3.112e+03	8.449e+04	1.796e+03	2.746e+04	6.350e+03	53.24	56.26	8.67

500000.0	500000.0	1759349698.5887613	9.533e+04	2.446e+04	3.112e+03	8.449e+04	1.790e+03	2.743e+04	6.354e+03	53.16	56.26	8.60

500000.0	500000.0	1759349699.53483	9.519e+04	2.447e+04	3.112e+03	8.406e+04	1.783e+03	2.735e+04	6.350e+03	53.12	56.30	8.71

500000.0	500000.0	1759349700.6005256	9.505e+04	2.446e+04	3.112e+03	8.464e+04	1.779e+03	2.727e+04	6.349e+03	53.12	56.15	8.73

500000.0	500000.0	1759349701.5417917	9.498e+04	2.448e+04	3.112e+03	8.449e+04	1.773e+03	2.730e+04	6.349e+03	53.08	56.11	8.65

##########################################################_BOMBA_DESLIGADA_###########################################################
#####################################################_CICLO_FINALIZADO_2_DE_5_#####################################################
1	1	1759349725.5136297	1.160e+05	2.281e+04	3.134e+03	1.085e+05	2.051e+03	3.479e+04	6.701e+03	54.55	100.11	12.75

500000.0	1	1759349726.592472	1.171e+05	2.271e+04	3.134e+03	1.083e+05	2.059e+03	3.509e+04	6.714e+03	54.56	100.19	12.73

500000.0	1	1759349727.5029824	1.171e+05	2.262e+04	3.134e+03	1.085e+05	2.070e+03	3.534e+04	6.725e+03	54.64	100.11	12.82

#####################################################_CICLO_INICIADO_8_DE_10_#####################################################
############################################################_BOMBA_LIGADA_############################################################
1	500000.0	1759349732.5073109	1.068e+05	2.192e+04	3.134e+03	1.078e+05	2.106e+03	3.621e+04	6.769e+03	54.63	70.51	11.74

500000.0	500000.0	1759349733.5094755	9.126e+04	2.217e+04	3.134e+03	1.028e+05	1.973e+03	3.336e+04	6.677e+03	54.67	69.77	10.96

500000.0	500000.0	1759349734.5069284	8.355e+04	2.276e+04	3.134e+03	9.892e+04	1.817e+03	2.951e+04	6.552e+03	54.71	69.97	10.74

500000.0	500000.0	1759349735.5070775	8.059e+04	2.339e+04	3.134e+03	9.645e+04	1.713e+03	2.673e+04	6.447e+03	54.72	69.66	10.65

500000.0	500000.0	1759349736.5010538	7.956e+04	2.397e+04	3.128e+03	9.498e+04	1.651e+03	2.483e+04	6.358e+03	54.74	70.08	10.67

500000.0	500000.0	1759349737.5017488	7.940e+04	2.442e+04	3.112e+03	9.408e+04	1.621e+03	2.382e+04	6.294e+03	54.77	69.81	10.63

500000.0	500000.0	1759349738.4992118	7.976e+04	2.476e+04	3.112e+03	9.321e+04	1.608e+03	2.324e+04	6.246e+03	54.77	70.01	10.56

500000.0	500000.0	1759349739.5020835	8.022e+04	2.502e+04	3.090e+03	9.303e+04	1.607e+03	2.293e+04	6.213e+03	54.74	69.93	10.55

500000.0	500000.0	1759349740.502756	8.059e+04	2.523e+04	3.074e+03	9.286e+04	1.611e+03	2.280e+04	6.181e+03	54.79	69.89	10.54

500000.0	500000.0	1759349741.5016084	8.101e+04	2.538e+04	3.053e+03	9.321e+04	1.618e+03	2.277e+04	6.159e+03	54.80	69.89	10.59

500000.0	500000.0	1759349742.4988265	8.154e+04	2.551e+04	3.042e+03	9.251e+04	1.624e+03	2.283e+04	6.145e+03	54.77	70.08	10.41

500000.0	500000.0	1759349743.4990616	8.229e+04	2.559e+04	3.031e+03	9.217e+04	1.632e+03	2.290e+04	6.132e+03	54.78	70.08	10.30

500000.0	500000.0	1759349744.5040135	8.278e+04	2.569e+04	2.999e+03	9.217e+04	1.641e+03	2.296e+04	6.124e+03	54.77	70.05	10.30

500000.0	500000.0	1759349745.4944885	8.283e+04	2.574e+04	2.955e+03	9.321e+04	1.649e+03	2.302e+04	6.110e+03	54.84	69.81	10.21

500000.0	500000.0	1759349746.5027056	8.322e+04	2.581e+04	2.939e+03	9.269e+04	1.657e+03	2.309e+04	6.106e+03	54.80	69.93	10.37

500000.0	500000.0	1759349747.4948559	8.360e+04	2.584e+04	2.934e+03	9.321e+04	1.664e+03	2.311e+04	6.100e+03	54.83	70.05	10.40

500000.0	500000.0	1759349748.5028815	8.377e+04	2.590e+04	2.923e+03	9.338e+04	1.670e+03	2.319e+04	6.095e+03	54.83	69.85	10.29

500000.0	500000.0	1759349749.492802	8.428e+04	2.595e+04	2.928e+03	9.321e+04	1.676e+03	2.328e+04	6.092e+03	54.78	69.89	10.22

500000.0	500000.0	1759349750.5062766	8.416e+04	2.599e+04	2.923e+03	9.373e+04	1.683e+03	2.325e+04	6.087e+03	54.81	70.05	10.25

500000.0	500000.0	1759349751.4912515	8.450e+04	2.604e+04	2.912e+03	9.373e+04	1.687e+03	2.339e+04	6.086e+03	54.79	69.93	10.17

##########################################################_BOMBA_DESLIGADA_###########################################################
1	1	1759349754.503131	9.042e+04	2.643e+04	2.928e+03	9.757e+04	1.713e+03	2.381e+04	6.095e+03	55.01	100.15	12.10

500000.0	1	1759349755.4869857	9.407e+04	2.633e+04	2.966e+03	1.005e+05	1.741e+03	2.436e+04	6.124e+03	55.00	100.11	12.73

500000.0	1	1759349756.5047832	9.705e+04	2.619e+04	3.031e+03	1.034e+05	1.765e+03	2.479e+04	6.150e+03	55.01	100.15	12.91

500000.0	1	1759349757.4861565	9.936e+04	2.608e+04	3.053e+03	1.049e+05	1.786e+03	2.529e+04	6.176e+03	55.00	100.15	12.92

500000.0	1	1759349758.5023715	1.010e+05	2.598e+04	3.069e+03	1.063e+05	1.805e+03	2.571e+04	6.202e+03	54.99	100.15	12.89

500000.0	1	1759349759.4834864	1.016e+05	2.590e+04	3.080e+03	1.076e+05	1.820e+03	2.609e+04	6.219e+03	55.01	100.15	12.91

500000.0	1	1759349760.5094607	1.027e+05	2.582e+04	3.090e+03	1.081e+05	1.834e+03	2.646e+04	6.243e+03	55.00	100.11	13.01

500000.0	1	1759349761.4816537	1.031e+05	2.577e+04	3.096e+03	1.093e+05	1.847e+03	2.679e+04	6.258e+03	55.03	100.11	13.04

500000.0	1	1759349762.5074108	1.040e+05	2.569e+04	3.107e+03	1.085e+05	1.859e+03	2.718e+04	6.278e+03	54.99	100.11	12.91

500000.0	1	1759349763.479574	1.045e+05	2.562e+04	3.112e+03	1.095e+05	1.869e+03	2.741e+04	6.294e+03	55.02	100.19	12.95

500000.0	1	1759349764.507141	1.055e+05	2.555e+04	3.112e+03	1.093e+05	1.881e+03	2.782e+04	6.314e+03	54.98	100.19	12.94

500000.0	1	1759349765.465705	1.056e+05	2.549e+04	3.112e+03	1.093e+05	1.890e+03	2.806e+04	6.328e+03	55.00	100.19	12.99

500000.0	1	1759349766.5008256	1.060e+05	2.542e+04	3.112e+03	1.095e+05	1.899e+03	2.839e+04	6.344e+03	55.01	100.15	12.96

500000.0	1	1759349767.4750764	1.062e+05	2.534e+04	3.112e+03	1.102e+05	1.910e+03	2.859e+04	6.358e+03	55.06	100.11	13.06

500000.0	1	1759349768.5042408	1.068e+05	2.527e+04	3.118e+03	1.100e+05	1.918e+03	2.889e+04	6.374e+03	55.05	100.15	12.95

############################################################_BOMBA_LIGADA_############################################################
1	500000.0	1759349774.5069973	9.921e+04	2.457e+04	3.134e+03	1.001e+05	1.948e+03	2.945e+04	6.423e+03	54.52	56.58	9.88

500000.0	500000.0	1759349775.4669898	9.749e+04	2.461e+04	3.134e+03	9.462e+04	1.926e+03	2.904e+04	6.401e+03	54.36	56.34	9.46

500000.0	500000.0	1759349776.5028315	9.618e+04	2.464e+04	3.118e+03	9.116e+04	1.908e+03	2.875e+04	6.379e+03	54.21	56.30	9.19

500000.0	500000.0	1759349777.4621015	9.554e+04	2.465e+04	3.112e+03	8.952e+04	1.895e+03	2.853e+04	6.365e+03	54.11	56.26	8.86

500000.0	500000.0	1759349778.4989026	9.526e+04	2.465e+04	3.112e+03	8.717e+04	1.879e+03	2.834e+04	6.358e+03	53.93	56.30	8.90

500000.0	500000.0	1759349779.4601243	9.491e+04	2.465e+04	3.112e+03	8.701e+04	1.869e+03	2.818e+04	6.350e+03	53.86	56.26	8.69

500000.0	500000.0	1759349780.4996915	9.491e+04	2.466e+04	3.112e+03	8.611e+04	1.856e+03	2.804e+04	6.344e+03	53.75	56.30	8.86

500000.0	500000.0	1759349781.4614224	9.463e+04	2.465e+04	3.112e+03	8.596e+04	1.848e+03	2.792e+04	6.339e+03	53.69	56.30	8.84

500000.0	500000.0	1759349782.4986944	9.449e+04	2.467e+04	3.112e+03	8.537e+04	1.836e+03	2.782e+04	6.336e+03	53.60	56.23	8.83

500000.0	500000.0	1759349783.456047	9.442e+04	2.466e+04	3.112e+03	8.478e+04	1.826e+03	2.779e+04	6.336e+03	53.50	56.26	8.77

500000.0	500000.0	1759349784.4975815	9.442e+04	2.467e+04	3.112e+03	8.507e+04	1.818e+03	2.762e+04	6.333e+03	53.46	56.23	8.74

500000.0	500000.0	1759349785.4570105	9.428e+04	2.468e+04	3.112e+03	8.478e+04	1.810e+03	2.753e+04	6.335e+03	53.38	56.26	8.72

500000.0	500000.0	1759349786.454134	9.428e+04	2.466e+04	3.112e+03	8.478e+04	1.801e+03	2.746e+04	6.332e+03	53.33	56.23	8.70

500000.0	500000.0	1759349787.4552748	9.449e+04	2.468e+04	3.112e+03	8.449e+04	1.794e+03	2.746e+04	6.333e+03	53.27	56.42	8.84

500000.0	500000.0	1759349788.452326	9.449e+04	2.467e+04	3.112e+03	8.493e+04	1.787e+03	2.738e+04	6.332e+03	53.22	56.26	8.73

500000.0	500000.0	1759349789.4529657	9.456e+04	2.468e+04	3.112e+03	8.464e+04	1.781e+03	2.734e+04	6.332e+03	53.15	56.42	8.71

500000.0	500000.0	1759349790.4764779	9.428e+04	2.468e+04	3.112e+03	8.493e+04	1.776e+03	2.732e+04	6.332e+03	53.14	56.23	8.77

500000.0	500000.0	1759349791.4468353	9.428e+04	2.468e+04	3.112e+03	8.464e+04	1.771e+03	2.725e+04	6.332e+03	53.10	56.42	8.74

500000.0	500000.0	1759349792.462687	9.463e+04	2.469e+04	3.112e+03	8.478e+04	1.765e+03	2.728e+04	6.332e+03	53.04	56.46	8.75

500000.0	500000.0	1759349793.4429684	9.477e+04	2.469e+04	3.112e+03	8.464e+04	1.760e+03	2.725e+04	6.332e+03	53.00	56.38	8.76

##########################################################_BOMBA_DESLIGADA_###########################################################
#####################################################_CICLO_FINALIZADO_3_DE_5_#####################################################
1	1	1759349816.5015504	1.157e+05	2.293e+04	3.134e+03	1.088e+05	2.046e+03	3.476e+04	6.689e+03	54.50	100.15	12.73

500000.0	1	1759349817.412243	1.160e+05	2.284e+04	3.134e+03	1.088e+05	2.056e+03	3.498e+04	6.704e+03	54.55	100.03	12.77

500000.0	1	1759349818.4990964	1.162e+05	2.273e+04	3.134e+03	1.083e+05	2.064e+03	3.532e+04	6.717e+03	54.57	100.07	12.81

#####################################################_CICLO_INICIADO_9_DE_10_#####################################################
############################################################_BOMBA_LIGADA_############################################################
1	500000.0	1759349824.5257723	9.435e+04	2.212e+04	3.134e+03	1.043e+05	2.022e+03	3.462e+04	6.704e+03	54.65	70.05	11.06

500000.0	500000.0	1759349825.416289	8.467e+04	2.263e+04	3.134e+03	9.991e+04	1.865e+03	3.097e+04	6.586e+03	54.68	70.05	10.87

500000.0	500000.0	1759349826.4935129	8.043e+04	2.330e+04	3.134e+03	9.701e+04	1.739e+03	2.766e+04	6.466e+03	54.71	69.97	10.81

500000.0	500000.0	1759349827.4003046	7.870e+04	2.393e+04	3.128e+03	9.552e+04	1.665e+03	2.546e+04	6.369e+03	54.74	70.08	10.81

500000.0	500000.0	1759349828.5028195	7.810e+04	2.445e+04	3.112e+03	9.444e+04	1.627e+03	2.413e+04	6.294e+03	54.78	70.20	10.85

500000.0	500000.0	1759349829.400557	7.820e+04	2.485e+04	3.101e+03	9.373e+04	1.609e+03	2.340e+04	6.236e+03	54.79	69.89	10.69

500000.0	500000.0	1759349830.4680116	7.860e+04	2.515e+04	3.080e+03	9.338e+04	1.604e+03	2.295e+04	6.195e+03	54.80	69.97	10.76

500000.0	500000.0	1759349831.3970063	7.900e+04	2.538e+04	3.058e+03	9.303e+04	1.605e+03	2.276e+04	6.162e+03	54.81	69.85	10.60

500000.0	500000.0	1759349832.4348617	7.940e+04	2.556e+04	3.036e+03	9.286e+04	1.610e+03	2.268e+04	6.135e+03	54.83	70.20	10.67

500000.0	500000.0	1759349833.4094589	7.986e+04	2.572e+04	3.004e+03	9.234e+04	1.616e+03	2.264e+04	6.116e+03	54.81	70.01	10.50

500000.0	500000.0	1759349834.4072936	8.022e+04	2.583e+04	2.945e+03	9.251e+04	1.624e+03	2.266e+04	6.100e+03	54.83	70.01	10.57

500000.0	500000.0	1759349835.4045393	8.069e+04	2.594e+04	2.928e+03	9.286e+04	1.631e+03	2.265e+04	6.086e+03	54.84	69.93	10.54

500000.0	500000.0	1759349836.4059434	8.095e+04	2.603e+04	2.912e+03	9.234e+04	1.637e+03	2.273e+04	6.075e+03	54.83	70.01	10.43

500000.0	500000.0	1759349837.3900235	8.138e+04	2.611e+04	2.896e+03	9.303e+04	1.644e+03	2.270e+04	6.065e+03	54.85	70.12	10.42

500000.0	500000.0	1759349838.4204533	8.180e+04	2.616e+04	2.885e+03	9.286e+04	1.651e+03	2.277e+04	6.062e+03	54.82	70.08	10.36

500000.0	500000.0	1759349839.3887923	8.196e+04	2.621e+04	2.880e+03	9.303e+04	1.658e+03	2.282e+04	6.054e+03	54.84	70.05	10.34

500000.0	500000.0	1759349840.401324	8.234e+04	2.627e+04	2.869e+03	9.373e+04	1.664e+03	2.282e+04	6.050e+03	54.85	70.12	10.32

500000.0	500000.0	1759349841.399548	8.250e+04	2.630e+04	2.864e+03	9.338e+04	1.669e+03	2.288e+04	6.048e+03	54.83	69.81	10.28

500000.0	500000.0	1759349842.3958936	8.267e+04	2.634e+04	2.858e+03	9.356e+04	1.673e+03	2.297e+04	6.045e+03	54.81	69.97	10.34

500000.0	500000.0	1759349843.391532	8.289e+04	2.639e+04	2.858e+03	9.391e+04	1.680e+03	2.296e+04	6.044e+03	54.82	70.01	10.37

##########################################################_BOMBA_DESLIGADA_###########################################################
1	1	1759349845.3956168	8.653e+04	2.679e+04	2.858e+03	9.571e+04	1.689e+03	2.314e+04	6.040e+03	55.08	100.11	11.84

500000.0	1	1759349846.3924043	9.159e+04	2.669e+04	2.891e+03	9.951e+04	1.719e+03	2.379e+04	6.072e+03	55.03	100.07	12.57

500000.0	1	1759349847.396436	9.463e+04	2.657e+04	2.928e+03	1.024e+05	1.746e+03	2.424e+04	6.103e+03	55.02	100.11	12.96

500000.0	1	1759349848.392812	9.742e+04	2.644e+04	2.982e+03	1.047e+05	1.766e+03	2.468e+04	6.130e+03	55.00	100.15	12.91

500000.0	1	1759349849.384021	9.853e+04	2.635e+04	3.036e+03	1.060e+05	1.785e+03	2.509e+04	6.152e+03	55.01	100.11	12.99

500000.0	1	1759349850.3947313	1.001e+05	2.626e+04	3.047e+03	1.074e+05	1.800e+03	2.544e+04	6.175e+03	55.00	100.19	12.99

500000.0	1	1759349851.3878434	1.011e+05	2.617e+04	3.063e+03	1.081e+05	1.816e+03	2.582e+04	6.195e+03	55.02	100.15	13.09

500000.0	1	1759349852.3871398	1.016e+05	2.611e+04	3.074e+03	1.085e+05	1.828e+03	2.619e+04	6.215e+03	55.01	100.15	13.01

500000.0	1	1759349853.3779416	1.023e+05	2.604e+04	3.090e+03	1.093e+05	1.842e+03	2.646e+04	6.232e+03	55.04	100.15	12.99

500000.0	1	1759349854.3844523	1.031e+05	2.598e+04	3.090e+03	1.097e+05	1.852e+03	2.684e+04	6.250e+03	55.03	100.15	13.10

500000.0	1	1759349855.3834217	1.033e+05	2.591e+04	3.101e+03	1.090e+05	1.861e+03	2.716e+04	6.269e+03	55.01	100.15	13.06

500000.0	1	1759349856.3889232	1.039e+05	2.583e+04	3.112e+03	1.095e+05	1.873e+03	2.743e+04	6.285e+03	55.03	100.11	12.98

500000.0	1	1759349857.3908901	1.045e+05	2.577e+04	3.112e+03	1.097e+05	1.882e+03	2.770e+04	6.302e+03	55.02	100.15	13.04

500000.0	1	1759349858.3806126	1.049e+05	2.570e+04	3.112e+03	1.100e+05	1.890e+03	2.800e+04	6.316e+03	55.04	100.11	12.99

500000.0	1	1759349859.3888648	1.052e+05	2.561e+04	3.112e+03	1.097e+05	1.899e+03	2.822e+04	6.333e+03	55.03	100.07	13.08

############################################################_BOMBA_LIGADA_############################################################
1	500000.0	1759349865.3965168	9.944e+04	2.485e+04	3.134e+03	1.036e+05	1.948e+03	2.923e+04	6.404e+03	54.63	56.58	10.39

500000.0	500000.0	1759349866.376721	9.669e+04	2.489e+04	3.123e+03	9.682e+04	1.921e+03	2.871e+04	6.377e+03	54.44	56.30	9.54

500000.0	500000.0	1759349867.3981876	9.540e+04	2.490e+04	3.112e+03	9.269e+04	1.900e+03	2.828e+04	6.355e+03	54.29	56.23	9.16

500000.0	500000.0	1759349868.370642	9.463e+04	2.492e+04	3.112e+03	8.984e+04	1.886e+03	2.807e+04	6.341e+03	54.14	56.19	9.06

500000.0	500000.0	1759349869.3918288	9.414e+04	2.493e+04	3.112e+03	8.809e+04	1.871e+03	2.789e+04	6.328e+03	54.02	56.42	8.81

500000.0	500000.0	1759349870.3687193	9.380e+04	2.494e+04	3.112e+03	8.732e+04	1.858e+03	2.770e+04	6.321e+03	53.90	56.42	8.80

500000.0	500000.0	1759349871.388212	9.394e+04	2.494e+04	3.112e+03	8.641e+04	1.846e+03	2.754e+04	6.314e+03	53.81	56.23	8.75

500000.0	500000.0	1759349872.3658233	9.359e+04	2.493e+04	3.112e+03	8.596e+04	1.836e+03	2.747e+04	6.310e+03	53.73	56.30	8.74

500000.0	500000.0	1759349873.3961968	9.353e+04	2.494e+04	3.112e+03	8.551e+04	1.825e+03	2.731e+04	6.306e+03	53.63	56.34	8.66

500000.0	500000.0	1759349874.3648593	9.346e+04	2.493e+04	3.112e+03	8.507e+04	1.815e+03	2.724e+04	6.306e+03	53.53	56.42	8.86

500000.0	500000.0	1759349875.3772528	9.353e+04	2.493e+04	3.112e+03	8.493e+04	1.806e+03	2.717e+04	6.303e+03	53.46	56.26	8.76

500000.0	500000.0	1759349876.365973	9.353e+04	2.492e+04	3.112e+03	8.464e+04	1.797e+03	2.703e+04	6.303e+03	53.38	56.26	8.78

500000.0	500000.0	1759349877.415654	9.359e+04	2.492e+04	3.112e+03	8.435e+04	1.790e+03	2.698e+04	6.302e+03	53.36	56.34	8.68

500000.0	500000.0	1759349878.3646233	9.353e+04	2.493e+04	3.112e+03	8.449e+04	1.780e+03	2.694e+04	6.302e+03	53.31	56.42	8.60

500000.0	500000.0	1759349879.395784	9.346e+04	2.492e+04	3.112e+03	8.464e+04	1.775e+03	2.692e+04	6.302e+03	53.24	56.30	8.72

500000.0	500000.0	1759349880.3590844	9.332e+04	2.493e+04	3.112e+03	8.449e+04	1.768e+03	2.686e+04	6.302e+03	53.18	56.42	8.85

500000.0	500000.0	1759349881.4010391	9.339e+04	2.494e+04	3.112e+03	8.449e+04	1.764e+03	2.684e+04	6.303e+03	53.16	56.30	8.70

500000.0	500000.0	1759349882.3564634	9.359e+04	2.494e+04	3.112e+03	8.449e+04	1.758e+03	2.679e+04	6.303e+03	53.10	56.38	8.73

500000.0	500000.0	1759349883.3958561	9.339e+04	2.494e+04	3.112e+03	8.478e+04	1.754e+03	2.674e+04	6.300e+03	53.11	56.26	8.78

500000.0	500000.0	1759349884.3587263	9.346e+04	2.493e+04	3.112e+03	8.464e+04	1.749e+03	2.675e+04	6.303e+03	53.03	56.30	8.68

##########################################################_BOMBA_DESLIGADA_###########################################################
#####################################################_CICLO_FINALIZADO_4_DE_5_#####################################################
1	1	1759349908.3317308	1.149e+05	2.309e+04	3.134e+03	1.088e+05	2.039e+03	3.436e+04	6.673e+03	54.54	100.11	12.86

500000.0	1	1759349909.398702	1.152e+05	2.299e+04	3.134e+03	1.083e+05	2.047e+03	3.472e+04	6.689e+03	54.54	100.22	12.86

500000.0	1	1759349910.3327239	1.159e+05	2.287e+04	3.134e+03	1.081e+05	2.055e+03	3.505e+04	6.706e+03	54.55	100.15	12.74

#####################################################_CICLO_INICIADO_10_DE_10_#####################################################
############################################################_BOMBA_LIGADA_############################################################
1	500000.0	1759349915.3883991	9.951e+04	2.223e+04	3.134e+03	1.056e+05	2.058e+03	3.516e+04	6.717e+03	54.60	69.81	11.35

500000.0	500000.0	1759349916.3266811	8.695e+04	2.263e+04	3.134e+03	1.009e+05	1.910e+03	3.181e+04	6.607e+03	54.64	69.85	10.95

500000.0	500000.0	1759349917.3891006	8.127e+04	2.328e+04	3.134e+03	9.720e+04	1.773e+03	2.839e+04	6.486e+03	54.65	69.73	10.81

500000.0	500000.0	1759349918.3257113	7.875e+04	2.390e+04	3.128e+03	9.552e+04	1.687e+03	2.603e+04	6.384e+03	54.68	69.85	10.75

500000.0	500000.0	1759349919.4021337	7.805e+04	2.446e+04	3.112e+03	9.426e+04	1.638e+03	2.445e+04	6.303e+03	54.69	69.66	10.77

500000.0	500000.0	1759349920.3227541	7.786e+04	2.489e+04	3.101e+03	9.338e+04	1.614e+03	2.357e+04	6.238e+03	54.71	69.69	10.67

500000.0	500000.0	1759349921.3972273	7.815e+04	2.523e+04	3.080e+03	9.303e+04	1.606e+03	2.306e+04	6.191e+03	54.72	69.73	10.71

500000.0	500000.0	1759349922.321087	7.830e+04	2.548e+04	3.053e+03	9.251e+04	1.606e+03	2.277e+04	6.158e+03	54.72	69.85	10.71

500000.0	500000.0	1759349923.391157	7.885e+04	2.570e+04	3.036e+03	9.234e+04	1.607e+03	2.265e+04	6.130e+03	54.73	69.62	10.49

500000.0	500000.0	1759349924.3189888	7.930e+04	2.583e+04	2.966e+03	9.234e+04	1.615e+03	2.265e+04	6.109e+03	54.73	69.69	10.66

500000.0	500000.0	1759349925.3935022	7.966e+04	2.596e+04	2.928e+03	9.234e+04	1.621e+03	2.265e+04	6.092e+03	54.77	69.77	10.49

500000.0	500000.0	1759349926.3168542	8.012e+04	2.607e+04	2.912e+03	9.200e+04	1.629e+03	2.268e+04	6.078e+03	54.75	69.85	10.52

500000.0	500000.0	1759349927.314498	8.028e+04	2.616e+04	2.896e+03	9.183e+04	1.634e+03	2.275e+04	6.069e+03	54.74	69.62	10.46

500000.0	500000.0	1759349928.3150284	8.095e+04	2.623e+04	2.885e+03	9.200e+04	1.641e+03	2.277e+04	6.057e+03	54.73	69.89	10.39

500000.0	500000.0	1759349929.2988012	8.127e+04	2.629e+04	2.869e+03	9.234e+04	1.648e+03	2.280e+04	6.050e+03	54.73	69.97	10.42

500000.0	500000.0	1759349930.3010368	8.132e+04	2.635e+04	2.864e+03	9.269e+04	1.655e+03	2.284e+04	6.044e+03	54.74	69.62	10.38

500000.0	500000.0	1759349931.2985806	8.164e+04	2.639e+04	2.858e+03	9.303e+04	1.661e+03	2.285e+04	6.039e+03	54.77	69.73	10.31

500000.0	500000.0	1759349932.3086605	8.186e+04	2.644e+04	2.853e+03	9.286e+04	1.667e+03	2.293e+04	6.037e+03	54.74	69.66	10.43

500000.0	500000.0	1759349933.3853998	8.223e+04	2.648e+04	2.842e+03	9.321e+04	1.672e+03	2.292e+04	6.033e+03	54.75	69.97	10.36

500000.0	500000.0	1759349934.3088055	8.218e+04	2.651e+04	2.831e+03	9.338e+04	1.677e+03	2.298e+04	6.030e+03	54.75	69.85	10.36

##########################################################_BOMBA_DESLIGADA_###########################################################
1	1	1759349937.3007216	8.779e+04	2.694e+04	2.847e+03	9.608e+04	1.698e+03	2.348e+04	6.042e+03	54.95	100.15	12.24

500000.0	1	1759349938.304541	9.165e+04	2.682e+04	2.885e+03	9.991e+04	1.727e+03	2.405e+04	6.071e+03	54.95	100.07	12.74

500000.0	1	1759349939.303394	9.477e+04	2.668e+04	2.928e+03	1.019e+05	1.751e+03	2.453e+04	6.101e+03	54.91	100.22	13.03

500000.0	1	1759349940.3022466	9.691e+04	2.656e+04	2.966e+03	1.043e+05	1.772e+03	2.494e+04	6.126e+03	54.94	100.15	13.09

500000.0	1	1759349941.3037407	9.838e+04	2.646e+04	3.031e+03	1.058e+05	1.791e+03	2.530e+04	6.150e+03	54.95	100.11	13.05

500000.0	1	1759349942.3006313	9.990e+04	2.637e+04	3.047e+03	1.067e+05	1.805e+03	2.568e+04	6.171e+03	54.93	100.19	13.04

500000.0	1	1759349943.301129	1.003e+05	2.630e+04	3.058e+03	1.074e+05	1.820e+03	2.601e+04	6.191e+03	54.95	100.15	13.26

500000.0	1	1759349944.2950885	1.011e+05	2.622e+04	3.069e+03	1.081e+05	1.832e+03	2.629e+04	6.210e+03	54.96	100.15	13.04

500000.0	1	1759349945.298678	1.017e+05	2.616e+04	3.080e+03	1.085e+05	1.845e+03	2.662e+04	6.227e+03	54.97	100.15	13.10

500000.0	1	1759349946.2969456	1.023e+05	2.608e+04	3.090e+03	1.088e+05	1.855e+03	2.692e+04	6.246e+03	54.97	100.11	13.09

500000.0	1	1759349947.3031032	1.027e+05	2.602e+04	3.096e+03	1.090e+05	1.866e+03	2.720e+04	6.261e+03	54.98	100.11	13.15

500000.0	1	1759349948.294557	1.032e+05	2.595e+04	3.107e+03	1.090e+05	1.876e+03	2.743e+04	6.278e+03	54.99	100.19	13.23

500000.0	1	1759349949.3032444	1.037e+05	2.588e+04	3.112e+03	1.090e+05	1.885e+03	2.779e+04	6.295e+03	54.98	100.15	13.10

500000.0	1	1759349950.2894895	1.042e+05	2.581e+04	3.112e+03	1.090e+05	1.895e+03	2.799e+04	6.314e+03	54.99	100.19	13.14

500000.0	1	1759349951.3010075	1.045e+05	2.572e+04	3.112e+03	1.093e+05	1.903e+03	2.823e+04	6.328e+03	55.00	100.11	13.19

############################################################_BOMBA_LIGADA_############################################################
1	500000.0	1759349957.3030548	9.756e+04	2.498e+04	3.123e+03	1.001e+05	1.935e+03	2.903e+04	6.382e+03	54.50	56.38	10.08

500000.0	500000.0	1759349958.2846549	9.561e+04	2.499e+04	3.112e+03	9.426e+04	1.912e+03	2.860e+04	6.358e+03	54.32	56.26	9.56

500000.0	500000.0	1759349959.303573	9.435e+04	2.503e+04	3.112e+03	9.066e+04	1.893e+03	2.825e+04	6.339e+03	54.14	56.26	9.18

500000.0	500000.0	1759349960.279639	9.380e+04	2.501e+04	3.112e+03	8.857e+04	1.878e+03	2.807e+04	6.327e+03	54.05	56.34	9.07

500000.0	500000.0	1759349961.3029919	9.359e+04	2.501e+04	3.112e+03	8.732e+04	1.864e+03	2.792e+04	6.317e+03	53.92	56.26	8.97

500000.0	500000.0	1759349962.2806234	9.332e+04	2.501e+04	3.112e+03	8.641e+04	1.852e+03	2.779e+04	6.313e+03	53.83	56.26	8.92

500000.0	500000.0	1759349963.305438	9.312e+04	2.500e+04	3.112e+03	8.537e+04	1.840e+03	2.766e+04	6.308e+03	53.72	56.23	8.93

500000.0	500000.0	1759349964.2787032	9.292e+04	2.501e+04	3.112e+03	8.507e+04	1.830e+03	2.759e+04	6.305e+03	53.65	56.26	8.88

500000.0	500000.0	1759349965.302832	9.285e+04	2.499e+04	3.112e+03	8.464e+04	1.820e+03	2.749e+04	6.303e+03	53.57	56.30	8.97

500000.0	500000.0	1759349966.2770727	9.298e+04	2.498e+04	3.112e+03	8.435e+04	1.810e+03	2.741e+04	6.302e+03	53.51	56.42	8.82

500000.0	500000.0	1759349967.3046587	9.305e+04	2.497e+04	3.112e+03	8.435e+04	1.801e+03	2.726e+04	6.303e+03	53.44	56.26	8.82

500000.0	500000.0	1759349968.274856	9.298e+04	2.498e+04	3.112e+03	8.406e+04	1.793e+03	2.723e+04	6.300e+03	53.38	56.19	8.85

500000.0	500000.0	1759349969.304916	9.285e+04	2.497e+04	3.112e+03	8.406e+04	1.785e+03	2.718e+04	6.302e+03	53.31	56.42	8.69

500000.0	500000.0	1759349970.2726266	9.305e+04	2.498e+04	3.112e+03	8.406e+04	1.777e+03	2.712e+04	6.300e+03	53.27	56.23	8.67

500000.0	500000.0	1759349971.3041966	9.298e+04	2.497e+04	3.112e+03	8.406e+04	1.771e+03	2.711e+04	6.302e+03	53.19	56.23	8.77

500000.0	500000.0	1759349972.2666094	9.319e+04	2.498e+04	3.112e+03	8.392e+04	1.765e+03	2.711e+04	6.302e+03	53.14	56.26	8.83

500000.0	500000.0	1759349973.3041348	9.298e+04	2.497e+04	3.112e+03	8.392e+04	1.758e+03	2.703e+04	6.302e+03	53.09	56.23	8.71

500000.0	500000.0	1759349974.2673347	9.312e+04	2.497e+04	3.112e+03	8.392e+04	1.754e+03	2.698e+04	6.302e+03	53.07	56.30	8.74

500000.0	500000.0	1759349975.3048325	9.305e+04	2.497e+04	3.112e+03	8.392e+04	1.748e+03	2.692e+04	6.302e+03	53.01	56.23	8.85

500000.0	500000.0	1759349976.2628582	9.285e+04	2.498e+04	3.112e+03	8.421e+04	1.744e+03	2.693e+04	6.302e+03	52.99	56.34	8.81

##########################################################_BOMBA_DESLIGADA_###########################################################
#####################################################_CICLO_FINALIZADO_5_DE_5_#####################################################
